episode_index,type,layer,element,start_mileage,end_mileage,start_time_seconds,end_time_seconds,duration_seconds,duration_miles,truncated,inter_arrival_miles,inter_arrival_seconds,element_label,element_description
0,rare_combination,combination,C3: ego_maneuver=ego_013 & environmental_conditions=environment_012 & triggering_conditions=trigger_066,732.028,732.081,52706.0,52709.8,3.8,0.053,0,732.028,52706.0,,
1,rare_combination,combination,C3: ego_maneuver=ego_011 & ru_maneuver=ru_010 & triggering_conditions=trigger_014,2269.764,2270.096,163423.0,163446.9,23.9,0.332,0,1537.736,110717.0,,
2,rare_combination,combination,C3: street=street_000 & ego_maneuver=ego_011 & triggering_conditions=trigger_018,6157.139,6157.466,443314.0,443337.5,23.5,0.327,0,3887.375,279891.0,,
3,rare_combination,combination,C3: street=street_004 & ego_maneuver=ego_009 & triggering_conditions=trigger_011,7023.969,7024.159,505725.7,505739.4,13.7,0.190,0,866.830,62411.7,,
4,rare_combination,combination,C3: street=street_004 & ego_maneuver=ego_009 & triggering_conditions=trigger_011,9526.658,9526.801,685919.4,685929.6,10.3,0.143,0,2502.689,180193.6,,
5,rare_combination,combination,C3: ego_maneuver=ego_009 & environmental_conditions=environment_009 & triggering_conditions=trigger_064,10502.550,10502.963,756183.6,756213.3,29.8,0.413,0,975.892,70264.2,,
6,rare_combination,combination,C3: ego_maneuver=ego_013 & environmental_conditions=environment_000 & triggering_conditions=trigger_018,14961.925,14962.220,1077258.6,1077279.9,21.3,0.295,0,4459.375,321075.0,,
7,rare_combination,combination,C3: street=street_000 & ego_maneuver=ego_011 & triggering_conditions=trigger_018,20690.674,20691.537,1489728.5,1489790.7,62.2,0.863,0,5728.749,412469.9,,
8,rare_combination,combination,C4: street=street_000 & ru_maneuver=ru_005 & environmental_conditions=environment_000 & triggering_conditions=trigger_028,22493.806,22493.858,1619554.1,1619557.8,3.7,0.052,0,1803.132,129825.5,,
9,rare_combination,combination,C3: temporal_modifications=temporal_023 & ego_maneuver=ego_009 & triggering_conditions=trigger_000,32375.242,32375.525,2331017.4,2331037.8,20.4,0.284,0,9881.435,711463.3,,
10,rare_combination,combination,C3: ru_maneuver=ru_009 & environmental_conditions=environment_000 & triggering_conditions=trigger_066,33039.102,33039.830,2378815.3,2378867.7,52.4,0.728,0,663.860,47797.9,,
11,rare_combination,combination,C3: street=street_000 & temporal_modifications=temporal_001 & triggering_conditions=trigger_032,33641.946,33642.311,2422220.1,2422246.4,26.3,0.365,0,602.845,43404.8,,
12,rare_combination,combination,C3: street=street_000 & ego_maneuver=ego_011 & triggering_conditions=trigger_018,35234.395,35234.405,2536876.5,2536877.1,0.7,0.010,0,1592.449,114656.3,,
13,rare_combination,combination,C3: temporal_modifications=temporal_023 & ego_maneuver=ego_009 & triggering_conditions=trigger_000,37241.320,37241.782,2681375.0,2681408.3,33.3,0.463,0,2006.924,144498.6,,
14,rare_combination,combination,C3: ego_maneuver=ego_013 & environmental_conditions=environment_012 & triggering_conditions=trigger_017,42852.460,42852.552,3085377.1,3085383.7,6.6,0.092,0,5611.140,404002.1,,
15,rare_combination,combination,C3: street=street_004 & ego_maneuver=ego_009 & triggering_conditions=trigger_011,43402.942,43403.094,3125011.8,3125022.8,11.0,0.152,0,550.482,39634.7,,
16,rare_combination,combination,C3: ru_maneuver=ru_010 & environmental_conditions=environment_012 & triggering_conditions=trigger_000,44778.282,44778.324,3224036.3,3224039.3,3.0,0.042,0,1375.341,99024.5,,
17,rare_combination,combination,C3: street=street_000 & temporal_modifications=temporal_038 & triggering_conditions=trigger_007,46896.621,46896.754,3376556.7,3376566.3,9.6,0.133,0,2118.338,152520.4,,
18,rare_combination,combination,C3: temporal_modifications=temporal_024 & ego_maneuver=ego_013 & triggering_conditions=trigger_059,47247.791,47247.902,3401840.9,3401848.9,8.0,0.111,0,351.170,25284.2,,
19,rare_combination,combination,C3: temporal_modifications=temporal_017 & ego_maneuver=ego_011 & triggering_conditions=trigger_028,47427.426,47427.844,3414774.7,3414804.8,30.1,0.418,0,179.635,12933.7,,
20,rare_combination,combination,C3: ego_maneuver=ego_013 & environmental_conditions=environment_000 & triggering_conditions=trigger_018,54637.767,54637.896,3933919.2,3933928.5,9.2,0.128,0,7210.341,519144.6,,
21,rare_combination,combination,C3: ru_maneuver=ru_018 & environmental_conditions=environment_009 & triggering_conditions=trigger_023,55783.236,55783.694,4016393.0,4016426.0,33.0,0.459,0,1145.468,82473.7,,
22,rare_combination,combination,C3: street=street_000 & ego_maneuver=ego_011 & triggering_conditions=trigger_018,55830.126,55830.399,4019769.1,4019788.7,19.6,0.273,0,46.891,3376.1,,
23,rare_combination,combination,C3: temporal_modifications=temporal_005 & ru_maneuver=ru_009 & triggering_conditions=trigger_017,56768.448,56768.821,4087328.3,4087355.1,26.8,0.373,0,938.322,67559.2,,
24,rare_combination,combination,C3: ru_maneuver=ru_005 & environmental_conditions=environment_009 & triggering_conditions=trigger_017,56865.407,56865.841,4094309.3,4094340.6,31.3,0.435,0,96.958,6981.0,,
25,rare_combination,combination,C3: ego_maneuver=ego_009 & environmental_conditions=environment_009 & triggering_conditions=trigger_064,64471.327,64471.682,4641935.6,4641961.1,25.6,0.355,0,7605.921,547626.3,,
26,rare_combination,combination,C3: street=street_000 & ego_maneuver=ego_011 & triggering_conditions=trigger_018,76552.472,76552.787,5511778.0,5511800.7,22.7,0.315,0,12081.145,869842.4,,
27,rare_combination,combination,C3: street=street_004 & ego_maneuver=ego_009 & triggering_conditions=trigger_011,77194.334,77194.561,5557992.0,5558008.4,16.3,0.227,0,641.862,46214.1,,
28,rare_combination,combination,C3: street=street_004 & ego_maneuver=ego_009 & triggering_conditions=trigger_011,80925.838,80925.839,5826660.4,5826660.4,0.0,0.000,0,3731.505,268668.3,,
29,rare_combination,combination,C3: ego_maneuver=ego_009 & environmental_conditions=environment_009 & triggering_conditions=trigger_064,81941.802,81941.989,5899809.7,5899823.2,13.5,0.187,0,1015.963,73149.3,,
30,rare_combination,combination,C4: ego_maneuver=ego_011 & ru_maneuver=ru_010 & environmental_conditions=environment_013 & triggering_conditions=trigger_028,82101.718,82101.899,5911323.7,5911336.8,13.1,0.182,0,159.916,11514.0,,
31,rare_combination,combination,C3: ego_maneuver=ego_011 & ru_maneuver=ru_010 & triggering_conditions=trigger_014,85218.028,85218.064,6135698.0,6135700.6,2.6,0.037,0,3116.310,224374.3,,
32,rare_combination,combination,C3: temporal_modifications=temporal_023 & ego_maneuver=ego_009 & triggering_conditions=trigger_000,91577.442,91577.574,6593575.8,6593585.3,9.5,0.131,0,6359.415,457877.9,,
33,rare_combination,combination,C3: ru_maneuver=ru_018 & environmental_conditions=environment_009 & triggering_conditions=trigger_058,91841.272,91841.690,6612571.6,6612601.7,30.1,0.418,0,263.829,18995.7,,
34,rare_combination,combination,C3: ego_maneuver=ego_011 & environmental_conditions=environment_009 & triggering_conditions=trigger_017,94065.967,94066.028,6772749.6,6772754.0,4.4,0.061,0,2224.695,160178.1,,
35,rare_combination,combination,C3: street=street_000 & temporal_modifications=temporal_024 & triggering_conditions=trigger_017,98187.300,98187.425,7069485.6,7069494.6,9.0,0.124,0,4121.333,296736.0,,
36,rare_combination,combination,C3: ru_maneuver=ru_010 & environmental_conditions=environment_012 & triggering_conditions=trigger_000,102143.047,102143.048,7354299.4,7354299.5,0.1,0.001,0,3955.747,284813.8,,
37,rare_combination,combination,C3: street=street_000 & ego_maneuver=ego_011 & triggering_conditions=trigger_018,102571.514,102571.614,7385149.0,7385156.2,7.2,0.100,0,428.467,30849.6,,
38,rare_combination,combination,C3: street=street_000 & ego_maneuver=ego_011 & triggering_conditions=trigger_018,102571.628,102571.687,7385157.2,7385161.4,4.2,0.059,0,0.114,8.2,,
39,rare_combination,combination,C3: ego_maneuver=ego_009 & environmental_conditions=environment_000 & triggering_conditions=trigger_064,104139.247,104139.295,7498025.8,7498029.3,3.5,0.049,0,1567.619,112868.6,,
40,rare_combination,combination,C3: ego_maneuver=ego_009 & environmental_conditions=environment_000 & triggering_conditions=trigger_064,104140.798,104140.968,7498137.4,7498149.7,12.2,0.170,0,1.551,111.6,,
41,rare_combination,combination,C3: ego_maneuver=ego_013 & environmental_conditions=environment_012 & triggering_conditions=trigger_017,107405.970,107406.369,7733229.9,7733258.6,28.7,0.399,0,3265.173,235092.4,,
42,rare_combination,combination,C3: ego_maneuver=ego_013 & environmental_conditions=environment_000 & triggering_conditions=trigger_018,108576.882,108577.147,7817535.5,7817554.6,19.1,0.265,0,1170.911,84305.6,,
43,rare_combination,combination,C3: street=street_000 & ego_maneuver=ego_011 & triggering_conditions=trigger_018,111248.654,111248.892,8009903.1,8009920.2,17.1,0.238,0,2671.772,192367.6,,
44,rare_combination,combination,C3: street=street_004 & ego_maneuver=ego_009 & triggering_conditions=trigger_011,111270.967,111271.409,8011509.6,8011541.4,31.8,0.441,0,22.314,1606.6,,
45,rare_combination,combination,C3: temporal_modifications=temporal_005 & ego_maneuver=ego_011 & triggering_conditions=trigger_023,112766.660,112766.888,8119199.5,8119215.9,16.4,0.228,0,1495.693,107689.9,,
46,rare_combination,combination,C3: temporal_modifications=temporal_005 & ego_maneuver=ego_011 & triggering_conditions=trigger_023,112767.903,112768.163,8119289.0,8119307.8,18.8,0.260,0,1.243,89.5,,
47,rare_combination,combination,C3: temporal_modifications=temporal_024 & ego_maneuver=ego_013 & triggering_conditions=trigger_059,113219.804,113220.215,8151825.9,8151855.5,29.6,0.411,0,451.901,32536.9,,
48,rare_combination,combination,C3: street=street_004 & ego_maneuver=ego_009 & triggering_conditions=trigger_011,113879.659,113879.845,8199335.4,8199348.8,13.4,0.186,0,659.855,47509.5,,
49,rare_combination,combination,C3: temporal_modifications=temporal_005 & ru_maneuver=ru_009 & triggering_conditions=trigger_017,119280.422,119280.839,8588190.4,8588220.4,30.0,0.417,0,5400.763,388854.9,,
50,rare_combination,combination,C3: temporal_modifications=temporal_017 & ru_maneuver=ru_009 & triggering_conditions=trigger_064,119485.670,119486.004,8602968.2,8602992.3,24.1,0.334,0,205.248,14777.9,,
51,rare_combination,combination,C3: ru_maneuver=ru_018 & environmental_conditions=environment_009 & triggering_conditions=trigger_023,119969.914,119970.001,8637833.8,8637840.0,6.2,0.086,0,484.244,34865.6,,
52,rare_combination,combination,C3: temporal_modifications=temporal_023 & ego_maneuver=ego_009 & triggering_conditions=trigger_000,120564.545,120564.828,8680647.2,8680667.6,20.4,0.283,0,594.631,42813.4,,
53,rare_combination,combination,C3: temporal_modifications=temporal_001 & ru_maneuver=ru_005 & triggering_conditions=trigger_011,122449.030,122449.066,8816330.2,8816332.7,2.6,0.036,0,1884.485,135683.0,,
54,rare_combination,combination,C3: ru_maneuver=ru_010 & environmental_conditions=environment_012 & triggering_conditions=trigger_000,127561.622,127561.833,9184436.8,9184452.0,15.2,0.211,0,5112.592,368106.6,,
55,rare_combination,combination,C3: street=street_004 & environmental_conditions=environment_012 & triggering_conditions=trigger_000,127563.341,127563.792,9184560.6,9184593.0,32.5,0.451,0,1.719,123.8,,
56,rare_combination,combination,C3: street=street_000 & ego_maneuver=ego_011 & triggering_conditions=trigger_018,129804.520,129804.692,9345925.4,9345937.8,12.4,0.172,0,2241.179,161364.9,,
57,rare_combination,combination,C3: street=street_004 & ego_maneuver=ego_009 & triggering_conditions=trigger_011,129918.777,129918.962,9354152.0,9354165.3,13.3,0.185,0,114.257,8226.5,,
58,rare_combination,combination,C3: street=street_004 & ego_maneuver=ego_009 & triggering_conditions=trigger_011,130938.906,130938.939,9427601.2,9427603.6,2.4,0.033,0,1020.129,73449.3,,
59,rare_combination,combination,C3: temporal_modifications=temporal_017 & ru_maneuver=ru_009 & triggering_conditions=trigger_064,133978.162,133979.212,9646427.7,9646503.2,75.6,1.049,0,3039.256,218826.4,,
60,rare_combination,combination,C3: ru_maneuver=ru_010 & environmental_conditions=environment_013 & triggering_conditions=trigger_007,134380.806,134381.061,9675418.0,9675436.4,18.4,0.255,0,402.644,28990.4,,
61,rare_combination,combination,C4: temporal_modifications=temporal_024 & ego_maneuver=ego_000 & environmental_conditions=environment_012 & triggering_conditions=trigger_007,134575.968,134576.038,9689469.7,9689474.7,5.0,0.070,0,195.161,14051.6,,
62,rare_combination,combination,C3: ego_maneuver=ego_013 & environmental_conditions=environment_000 & triggering_conditions=trigger_018,136330.995,136331.340,9815831.7,9815856.5,24.8,0.345,0,1755.028,126362.0,,
63,rare_combination,combination,C3: temporal_modifications=temporal_009 & ego_maneuver=ego_000 & triggering_conditions=trigger_028,138200.058,138200.333,9950404.1,9950423.9,19.8,0.275,0,1869.062,134572.5,,
64,rare_combination,combination,C3: temporal_modifications=temporal_023 & ego_maneuver=ego_013 & triggering_conditions=trigger_075,141401.495,141401.525,10180907.7,10180909.8,2.2,0.030,0,3201.438,230503.5,,
65,rare_combination,combination,C3: ru_maneuver=ru_005 & environmental_conditions=environment_000 & triggering_conditions=trigger_004,141504.272,141504.672,10188307.6,10188336.4,28.8,0.400,0,102.777,7400.0,,
66,rare_combination,combination,C3: temporal_modifications=temporal_009 & ego_maneuver=ego_000 & triggering_conditions=trigger_028,144125.456,144125.655,10377032.9,10377047.1,14.3,0.198,0,2621.184,188725.3,,
67,rare_combination,combination,C3: ru_maneuver=ru_018 & environmental_conditions=environment_009 & triggering_conditions=trigger_058,146616.420,146616.929,10556382.2,10556418.9,36.6,0.509,0,2490.964,179349.4,,
68,rare_combination,combination,C3: ego_maneuver=ego_011 & ru_maneuver=ru_010 & triggering_conditions=trigger_014,149709.794,149710.003,10779105.2,10779120.2,15.0,0.209,0,3093.374,222722.9,,
69,rare_combination,combination,C3: ego_maneuver=ego_011 & ru_maneuver=ru_010 & triggering_conditions=trigger_014,149710.330,149710.345,10779143.7,10779144.9,1.1,0.015,0,0.536,38.6,,
70,rare_combination,combination,C3: temporal_modifications=temporal_017 & ego_maneuver=ego_011 & triggering_conditions=trigger_028,150751.259,150751.382,10854090.7,10854099.5,8.8,0.122,0,1040.930,74946.9,,
71,rare_combination,combination,C3: temporal_modifications=temporal_023 & ego_maneuver=ego_009 & triggering_conditions=trigger_000,151216.626,151216.798,10887597.1,10887609.5,12.4,0.172,0,465.367,33506.4,,
72,rare_combination,combination,C3: ego_maneuver=ego_011 & ru_maneuver=ru_010 & triggering_conditions=trigger_014,151389.397,151389.643,10900036.6,10900054.3,17.7,0.246,0,172.771,12439.5,,
73,rare_combination,combination,C3: temporal_modifications=temporal_023 & ego_maneuver=ego_013 & triggering_conditions=trigger_075,152792.649,152792.775,11001070.7,11001079.8,9.0,0.126,0,1403.252,101034.2,,
74,rare_combination,combination,C3: ego_maneuver=ego_011 & ru_maneuver=ru_010 & triggering_conditions=trigger_014,155537.725,155537.789,11198716.2,11198720.8,4.6,0.064,0,2745.076,197645.5,,
75,rare_combination,combination,C3: street=street_004 & ego_maneuver=ego_009 & triggering_conditions=trigger_011,168215.623,168215.762,12111524.9,12111534.8,10.0,0.139,0,12677.898,912808.6,,
76,rare_combination,combination,C3: street=street_000 & ego_maneuver=ego_011 & triggering_conditions=trigger_018,170412.476,170412.631,12269698.3,12269709.4,11.1,0.155,0,2196.853,158173.4,,
77,rare_combination,combination,C3: temporal_modifications=temporal_023 & ru_maneuver=ru_010 & triggering_conditions=trigger_064,173675.180,173675.482,12504613.0,12504634.7,21.7,0.301,0,3262.704,234914.7,,
78,rare_combination,combination,C3: ego_maneuver=ego_013 & environmental_conditions=environment_012 & triggering_conditions=trigger_066,173872.166,173872.645,12518795.9,12518830.5,34.5,0.479,0,196.986,14183.0,,
79,rare_combination,combination,C3: ego_maneuver=ego_013 & environmental_conditions=environment_012 & triggering_conditions=trigger_066,173873.379,173873.539,12518883.3,12518894.8,11.5,0.159,0,1.213,87.4,,
80,rare_combination,combination,C4: temporal_modifications=temporal_038 & ru_maneuver=ru_018 & environmental_conditions=environment_012 & triggering_conditions=trigger_058,179374.363,179374.382,12914954.1,12914955.5,1.4,0.019,0,5500.984,396070.8,,
81,rare_combination,combination,C3: ru_maneuver=ru_005 & environmental_conditions=environment_000 & triggering_conditions=trigger_004,182019.065,182019.097,13105372.7,13105375.0,2.3,0.032,0,2644.702,190418.5,,
82,rare_combination,combination,C3: ru_maneuver=ru_010 & environmental_conditions=environment_012 & triggering_conditions=trigger_000,185758.602,185758.662,13374619.4,13374623.7,4.3,0.060,0,3739.537,269246.7,,
83,rare_combination,combination,C3: ru_maneuver=ru_010 & environmental_conditions=environment_012 & triggering_conditions=trigger_000,185758.756,185759.143,13374630.4,13374658.3,27.8,0.387,0,0.154,11.1,,
84,rare_combination,combination,C3: temporal_modifications=temporal_001 & ru_maneuver=ru_005 & triggering_conditions=trigger_011,185907.992,185908.118,13385375.4,13385384.5,9.1,0.126,0,149.236,10745.0,,
85,rare_combination,combination,C3: ego_maneuver=ego_009 & environmental_conditions=environment_009 & triggering_conditions=trigger_064,190445.215,190445.292,13712055.5,13712061.0,5.5,0.077,0,4537.223,326680.0,,
86,rare_combination,combination,C3: street=street_004 & environmental_conditions=environment_012 & triggering_conditions=trigger_000,192090.862,192091.329,13830542.1,13830575.7,33.6,0.467,0,1645.648,118486.6,,
87,rare_combination,combination,C3: ru_maneuver=ru_010 & environmental_conditions=environment_012 & triggering_conditions=trigger_000,192093.614,192093.861,13830740.2,13830758.0,17.8,0.247,0,2.752,198.2,,
88,rare_combination,combination,C3: street=street_004 & environmental_conditions=environment_012 & triggering_conditions=trigger_000,195792.426,195792.448,14097054.7,14097056.2,1.5,0.021,0,3698.812,266314.5,,
89,rare_combination,combination,C3: ego_maneuver=ego_013 & environmental_conditions=environment_012 & triggering_conditions=trigger_017,196870.505,196870.670,14174676.3,14174688.3,11.9,0.165,0,1078.078,77621.6,,
90,rare_combination,combination,C3: temporal_modifications=temporal_023 & ru_maneuver=ru_010 & triggering_conditions=trigger_064,199510.324,199510.779,14364743.4,14364776.1,32.8,0.455,0,2639.820,190067.0,,
91,rare_combination,combination,C3: temporal_modifications=temporal_028 & ego_maneuver=ego_013 & triggering_conditions=trigger_075,203372.045,203372.320,14642787.3,14642807.0,19.8,0.275,0,3861.721,278043.9,,
92,rare_combination,combination,C3: street=street_000 & ego_maneuver=ego_011 & triggering_conditions=trigger_018,204537.622,204537.971,14726708.8,14726733.9,25.1,0.349,0,1165.577,83921.5,,
93,rare_combination,combination,C3: temporal_modifications=temporal_023 & ego_maneuver=ego_009 & triggering_conditions=trigger_004,210139.002,210139.017,15130008.1,15130009.2,1.1,0.015,0,5601.380,403299.4,,
94,rare_combination,combination,C3: temporal_modifications=temporal_023 & ego_maneuver=ego_009 & triggering_conditions=trigger_004,210139.683,210139.772,15130057.2,15130063.6,6.4,0.089,0,0.681,49.0,,
95,rare_combination,combination,C3: ego_maneuver=ego_013 & environmental_conditions=environment_012 & triggering_conditions=trigger_017,211517.870,211518.137,15229286.7,15229305.9,19.2,0.267,0,1378.187,99229.5,,
96,rare_combination,combination,C3: ego_maneuver=ego_013 & environmental_conditions=environment_012 & triggering_conditions=trigger_017,211518.180,211518.224,15229308.9,15229312.1,3.2,0.044,0,0.310,22.3,,
97,rare_combination,combination,C3: ego_maneuver=ego_011 & environmental_conditions=environment_009 & triggering_conditions=trigger_017,213512.126,213512.321,15372873.0,15372887.1,14.1,0.196,0,1993.946,143564.1,,
98,rare_combination,combination,C3: ego_maneuver=ego_011 & environmental_conditions=environment_009 & triggering_conditions=trigger_017,217026.424,217026.555,15625902.5,15625912.0,9.4,0.131,0,3514.299,253029.5,,
99,rare_combination,combination,C3: ego_maneuver=ego_013 & environmental_conditions=environment_012 & triggering_conditions=trigger_066,222288.142,222288.274,16004746.2,16004755.7,9.4,0.131,0,5261.718,378843.7,,
100,rare_combination,combination,C3: ego_maneuver=ego_013 & environmental_conditions=environment_000 & triggering_conditions=trigger_018,225824.833,225825.226,16259388.0,16259416.2,28.2,0.392,0,3536.691,254641.8,,
101,rare_combination,combination,C3: temporal_modifications=temporal_017 & ego_maneuver=ego_000 & triggering_conditions=trigger_007,227145.885,227146.648,16354503.7,16354558.7,55.0,0.763,0,1321.052,95115.7,,
102,rare_combination,combination,C3: ru_maneuver=ru_010 & environmental_conditions=environment_013 & triggering_conditions=trigger_007,228661.718,228661.868,16463643.7,16463654.5,10.8,0.150,0,1515.833,109140.0,,
103,rare_combination,combination,C3: street=street_004 & environmental_conditions=environment_012 & triggering_conditions=trigger_000,229901.920,229902.108,16552938.3,16552951.8,13.5,0.188,0,1240.202,89294.6,,
104,rare_combination,combination,C3: street=street_004 & environmental_conditions=environment_012 & triggering_conditions=trigger_000,229902.471,229903.382,16552977.9,16553043.5,65.6,0.911,0,0.551,39.7,,
105,rare_combination,combination,C3: street=street_000 & ego_maneuver=ego_011 & triggering_conditions=trigger_018,230318.550,230318.658,16582935.6,16582943.4,7.8,0.108,0,416.079,29957.7,,
106,rare_combination,combination,C3: street=street_004 & ego_maneuver=ego_009 & triggering_conditions=trigger_011,230321.707,230322.351,16583162.9,16583209.2,46.4,0.644,0,3.157,227.3,,
107,rare_combination,combination,C3: ego_maneuver=ego_011 & ru_maneuver=ru_010 & triggering_conditions=trigger_014,232082.880,232083.023,16709967.4,16709977.7,10.3,0.143,0,1761.174,126804.5,,
108,rare_combination,combination,C3: temporal_modifications=temporal_009 & environmental_conditions=environment_000 & triggering_conditions=trigger_014,234035.221,234036.047,16850535.9,16850595.4,59.5,0.826,0,1952.341,140568.6,,
109,rare_combination,combination,C3: temporal_modifications=temporal_009 & environmental_conditions=environment_000 & triggering_conditions=trigger_014,234036.187,234036.187,16850605.5,16850605.5,0.0,0.000,0,0.966,69.5,,
110,rare_combination,combination,C3: street=street_000 & ego_maneuver=ego_011 & triggering_conditions=trigger_018,234959.164,234959.317,16917059.8,16917070.8,11.0,0.153,0,922.977,66454.3,,
111,rare_combination,combination,C3: ru_maneuver=ru_010 & environmental_conditions=environment_012 & triggering_conditions=trigger_000,235183.669,235183.865,16933224.2,16933238.3,14.1,0.196,0,224.505,16164.4,,
112,rare_combination,combination,C3: street=street_000 & temporal_modifications=temporal_001 & triggering_conditions=trigger_032,235681.716,235682.588,16969083.6,16969146.3,62.7,0.871,0,498.048,35859.4,,
113,rare_combination,combination,C3: ego_maneuver=ego_013 & environmental_conditions=environment_012 & triggering_conditions=trigger_017,236695.886,236696.050,17042103.8,17042115.6,11.8,0.164,0,1014.169,73020.2,,
114,rare_combination,combination,C3: ru_maneuver=ru_009 & environmental_conditions=environment_013 & triggering_conditions=trigger_017,236952.869,236953.201,17060606.6,17060630.4,23.9,0.331,0,256.984,18502.8,,
115,rare_combination,combination,C3: ru_maneuver=ru_010 & environmental_conditions=environment_013 & triggering_conditions=trigger_007,237580.301,237580.619,17105781.7,17105804.6,22.9,0.319,0,627.431,45175.1,,
116,rare_combination,combination,C3: temporal_modifications=temporal_009 & ego_maneuver=ego_000 & triggering_conditions=trigger_028,241726.907,241726.998,17404337.3,17404343.9,6.5,0.091,0,4146.606,298555.7,,
117,rare_combination,combination,C3: street=street_004 & ego_maneuver=ego_009 & triggering_conditions=trigger_011,242281.909,242282.240,17444297.4,17444321.3,23.9,0.331,0,555.001,39960.1,,
118,rare_combination,combination,C4: street=street_004 & temporal_modifications=temporal_023 & ru_maneuver=ru_010 & triggering_conditions=trigger_014,245200.290,245201.887,17654420.9,17654535.8,115.0,1.597,0,2918.381,210123.4,,
119,rare_combination,combination,C3: ego_maneuver=ego_009 & environmental_conditions=environment_000 & triggering_conditions=trigger_064,248178.144,248178.207,17868826.4,17868830.9,4.5,0.063,0,2977.855,214405.5,,
120,rare_combination,combination,C3: ego_maneuver=ego_011 & ru_maneuver=ru_010 & triggering_conditions=trigger_014,248535.867,248535.991,17894582.4,17894591.3,8.9,0.124,0,357.722,25756.0,,
121,rare_combination,combination,C3: ru_maneuver=ru_005 & environmental_conditions=environment_009 & triggering_conditions=trigger_017,249199.562,249200.070,17942368.5,17942405.1,36.6,0.508,0,663.695,47786.1,,
122,rare_combination,combination,C3: ru_maneuver=ru_005 & environmental_conditions=environment_000 & triggering_conditions=trigger_004,249743.381,249743.615,17981523.4,17981540.3,16.9,0.235,0,543.819,39154.9,,
123,rare_combination,combination,C3: temporal_modifications=temporal_001 & environmental_conditions=environment_013 & triggering_conditions=trigger_000,252205.333,252205.407,18158784.0,18158789.3,5.3,0.073,0,2461.953,177260.6,,
124,rare_combination,combination,C3: street=street_000 & ego_maneuver=ego_011 & triggering_conditions=trigger_018,256280.955,256281.468,18452228.8,18452265.7,37.0,0.513,0,4075.622,293444.8,,
125,rare_combination,combination,C3: street=street_004 & ego_maneuver=ego_009 & triggering_conditions=trigger_011,258536.178,258536.382,18614604.8,18614619.5,14.7,0.204,0,2255.223,162376.1,,
126,rare_combination,combination,C3: ru_maneuver=ru_009 & environmental_conditions=environment_013 & triggering_conditions=trigger_017,260628.211,260628.556,18765231.2,18765256.1,24.9,0.346,0,2092.033,150626.4,,
127,rare_combination,combination,C3: ru_maneuver=ru_010 & environmental_conditions=environment_013 & triggering_conditions=trigger_007,264144.541,264144.556,19018406.9,19018408.1,1.1,0.015,0,3516.330,253175.8,,
128,rare_combination,combination,C3: ru_maneuver=ru_010 & environmental_conditions=environment_013 & triggering_conditions=trigger_007,264144.596,264144.763,19018410.9,19018422.9,12.0,0.167,0,0.055,4.0,,
129,rare_combination,combination,C3: ru_maneuver=ru_005 & environmental_conditions=environment_009 & triggering_conditions=trigger_017,267988.278,267988.328,19295156.0,19295159.6,3.6,0.050,0,3843.682,276745.1,,
130,rare_combination,combination,C3: ru_maneuver=ru_009 & environmental_conditions=environment_013 & triggering_conditions=trigger_017,269799.667,269799.878,19425576.0,19425591.2,15.1,0.210,0,1811.389,130420.0,,
131,rare_combination,combination,C3: street=street_000 & temporal_modifications=temporal_009 & triggering_conditions=trigger_066,271353.905,271354.428,19537481.1,19537518.8,37.7,0.524,0,1554.237,111905.1,,
132,rare_combination,combination,C3: temporal_modifications=temporal_017 & ego_maneuver=ego_011 & triggering_conditions=trigger_028,272696.782,272697.623,19634168.3,19634228.8,60.6,0.841,0,1342.877,96687.1,,
133,rare_combination,combination,C3: temporal_modifications=temporal_017 & ego_maneuver=ego_011 & triggering_conditions=trigger_028,274153.440,274153.746,19739047.7,19739069.7,22.0,0.306,0,1456.658,104879.4,,
134,rare_combination,combination,C3: ego_maneuver=ego_011 & environmental_conditions=environment_009 & triggering_conditions=trigger_017,274204.031,274204.188,19742690.3,19742701.5,11.3,0.157,0,50.592,3642.6,,
135,rare_combination,combination,C3: temporal_modifications=temporal_005 & ego_maneuver=ego_011 & triggering_conditions=trigger_023,275937.238,275937.910,19867481.1,19867529.5,48.4,0.672,0,1733.206,124790.8,,
136,rare_combination,combination,C3: temporal_modifications=temporal_024 & ego_maneuver=ego_013 & triggering_conditions=trigger_059,276102.902,276102.983,19879409.0,19879414.8,5.8,0.081,0,165.665,11927.8,,
137,rare_combination,combination,C3: ego_maneuver=ego_011 & environmental_conditions=environment_009 & triggering_conditions=trigger_017,278689.066,278689.626,20065612.8,20065653.0,40.3,0.559,0,2586.164,186203.8,,
138,rare_combination,combination,C3: street=street_000 & temporal_modifications=temporal_038 & triggering_conditions=trigger_007,279134.310,279136.216,20097670.3,20097807.5,137.2,1.906,0,445.244,32057.5,,
139,rare_combination,combination,C3: street=street_004 & environmental_conditions=environment_012 & triggering_conditions=trigger_000,280180.127,280180.671,20172969.1,20173008.3,39.2,0.544,0,1045.817,75298.9,,
140,rare_combination,combination,C3: temporal_modifications=temporal_023 & ego_maneuver=ego_009 & triggering_conditions=trigger_004,281161.700,281162.020,20243642.4,20243665.4,23.0,0.320,0,981.573,70673.2,,
141,rare_combination,combination,C3: temporal_modifications=temporal_023 & ego_maneuver=ego_009 & triggering_conditions=trigger_004,281162.694,281162.815,20243714.0,20243722.7,8.7,0.120,0,0.995,71.6,,
142,rare_combination,combination,C3: ru_maneuver=ru_009 & environmental_conditions=environment_000 & triggering_conditions=trigger_066,281286.996,281287.246,20252663.7,20252681.7,18.0,0.250,0,124.301,8949.7,,
143,rare_combination,combination,C3: ru_maneuver=ru_009 & environmental_conditions=environment_013 & triggering_conditions=trigger_017,282729.121,282729.425,20356496.7,20356518.6,21.9,0.304,0,1442.125,103833.0,,
144,rare_combination,combination,C3: temporal_modifications=temporal_017 & ego_maneuver=ego_000 & triggering_conditions=trigger_007,288837.767,288838.172,20796319.2,20796348.3,29.1,0.404,0,6108.646,439822.5,,
145,rare_combination,combination,C3: temporal_modifications=temporal_017 & ego_maneuver=ego_000 & triggering_conditions=trigger_007,288839.022,288839.094,20796409.6,20796414.8,5.1,0.071,0,1.255,90.4,,
146,rare_combination,combination,C3: ru_maneuver=ru_005 & environmental_conditions=environment_000 & triggering_conditions=trigger_004,290867.371,290867.440,20942450.7,20942455.7,5.0,0.069,0,2028.348,146041.1,,
147,rare_combination,combination,C3: ru_maneuver=ru_018 & environmental_conditions=environment_009 & triggering_conditions=trigger_058,293520.518,293520.628,21133477.3,21133485.2,8.0,0.111,0,2653.147,191026.6,,
148,rare_combination,combination,C3: ru_maneuver=ru_018 & environmental_conditions=environment_009 & triggering_conditions=trigger_058,293520.756,293521.128,21133494.4,21133521.2,26.8,0.372,0,0.238,17.2,,
149,rare_combination,combination,C3: temporal_modifications=temporal_023 & ego_maneuver=ego_009 & triggering_conditions=trigger_004,296957.265,296957.988,21380923.1,21380975.2,52.1,0.723,0,3436.509,247428.7,,
150,rare_combination,combination,C3: street=street_000 & temporal_modifications=temporal_024 & triggering_conditions=trigger_017,296974.483,296975.268,21382162.8,21382219.3,56.5,0.785,0,17.217,1239.7,,
151,rare_combination,combination,C3: ego_maneuver=ego_009 & environmental_conditions=environment_009 & triggering_conditions=trigger_064,298371.482,298371.582,21482746.7,21482753.9,7.2,0.101,0,1396.999,100583.9,,
152,rare_combination,combination,C3: ru_maneuver=ru_010 & environmental_conditions=environment_013 & triggering_conditions=trigger_007,298696.903,298697.249,21506177.0,21506202.0,24.9,0.346,0,325.422,23430.4,,
153,rare_combination,combination,C3: ego_maneuver=ego_009 & environmental_conditions=environment_009 & triggering_conditions=trigger_064,302561.490,302561.593,21784427.3,21784434.7,7.4,0.103,0,3864.586,278250.2,,
154,rare_combination,combination,C3: temporal_modifications=temporal_005 & ru_maneuver=ru_009 & triggering_conditions=trigger_017,304754.675,304754.964,21942336.6,21942357.4,20.8,0.289,0,2193.186,157909.4,,
155,rare_combination,combination,C3: temporal_modifications=temporal_024 & ego_maneuver=ego_013 & triggering_conditions=trigger_059,306302.662,306302.931,22053791.7,22053811.0,19.3,0.268,0,1547.987,111455.1,,
156,rare_combination,combination,C3: ego_maneuver=ego_011 & environmental_conditions=environment_009 & triggering_conditions=trigger_017,308461.662,308461.940,22209239.7,22209259.7,20.0,0.278,0,2159.000,155448.0,,
157,rare_combination,combination,C3: ego_maneuver=ego_013 & environmental_conditions=environment_012 & triggering_conditions=trigger_017,310174.109,310174.438,22332535.8,22332559.6,23.7,0.330,0,1712.447,123296.2,,
158,rare_combination,combination,C3: street=street_000 & temporal_modifications=temporal_024 & triggering_conditions=trigger_017,311150.536,311150.945,22402838.6,22402868.0,29.4,0.409,0,976.428,70302.8,,
159,rare_combination,combination,C3: street=street_004 & ego_maneuver=ego_009 & triggering_conditions=trigger_011,312967.217,312967.654,22533639.6,22533671.1,31.4,0.436,0,1816.681,130801.0,,
160,rare_combination,combination,C3: street=street_004 & ego_maneuver=ego_009 & triggering_conditions=trigger_011,313872.910,313873.168,22598849.5,22598868.1,18.6,0.258,0,905.693,65209.9,,
161,rare_combination,combination,C3: ego_maneuver=ego_013 & environmental_conditions=environment_000 & triggering_conditions=trigger_018,315014.371,315014.680,22681034.7,22681057.0,22.2,0.309,0,1141.461,82185.2,,
162,rare_combination,combination,C3: temporal_modifications=temporal_023 & ego_maneuver=ego_009 & triggering_conditions=trigger_004,315781.405,315781.447,22736261.2,22736264.2,3.1,0.043,0,767.034,55226.4,,
163,rare_combination,combination,C3: street=street_000 & temporal_modifications=temporal_009 & triggering_conditions=trigger_066,318673.377,318674.057,22944483.1,22944532.1,49.0,0.680,0,2891.972,208222.0,,
164,rare_combination,combination,C3: street=street_000 & temporal_modifications=temporal_009 & triggering_conditions=trigger_066,318675.186,318675.318,22944613.4,22944622.9,9.5,0.132,0,1.809,130.3,,
165,rare_combination,combination,C3: ru_maneuver=ru_010 & environmental_conditions=environment_012 & triggering_conditions=trigger_000,319713.209,319713.543,23019351.0,23019375.1,24.1,0.335,0,1038.023,74737.6,,
166,rare_combination,combination,C3: ru_maneuver=ru_018 & environmental_conditions=environment_009 & triggering_conditions=trigger_023,320920.271,320920.603,23106259.5,23106283.4,23.9,0.332,0,1207.062,86908.5,,
167,rare_combination,combination,C3: temporal_modifications=temporal_009 & ego_maneuver=ego_000 & triggering_conditions=trigger_028,322868.224,322868.458,23246512.2,23246529.0,16.8,0.233,0,1947.953,140252.6,,
168,rare_combination,combination,C3: ego_maneuver=ego_009 & environmental_conditions=environment_000 & triggering_conditions=trigger_064,328477.908,328478.306,23650409.4,23650438.0,28.6,0.398,0,5609.684,403897.2,,
169,rare_combination,combination,C3: street=street_000 & ego_maneuver=ego_011 & triggering_conditions=trigger_018,332913.905,332913.962,23969801.2,23969805.3,4.1,0.057,0,4435.997,319391.8,,
170,rare_combination,combination,C3: street=street_000 & ego_maneuver=ego_011 & triggering_conditions=trigger_018,333896.312,333896.468,24040534.5,24040545.7,11.3,0.156,0,982.407,70733.3,,
171,rare_combination,combination,C3: ego_maneuver=ego_011 & environmental_conditions=environment_009 & triggering_conditions=trigger_017,338527.477,338527.590,24373978.3,24373986.4,8.1,0.113,0,4631.165,333443.9,,
172,rare_combination,combination,C3: ego_maneuver=ego_013 & environmental_conditions=environment_000 & triggering_conditions=trigger_018,340066.890,340066.985,24484816.0,24484822.9,6.9,0.095,0,1539.413,110837.7,,
173,rare_combination,combination,C3: street=street_004 & ego_maneuver=ego_009 & triggering_conditions=trigger_011,341109.819,341109.827,24559907.0,24559907.5,0.6,0.008,0,1042.929,75090.9,,
174,rare_combination,combination,C3: ego_maneuver=ego_009 & environmental_conditions=environment_009 & triggering_conditions=trigger_064,342401.198,342401.309,24652886.2,24652894.3,8.0,0.112,0,1291.379,92979.3,,
175,rare_combination,combination,C3: temporal_modifications=temporal_005 & ego_maneuver=ego_011 & triggering_conditions=trigger_023,342910.732,342910.931,24689572.7,24689587.0,14.3,0.199,0,509.534,36686.5,,
176,rare_combination,combination,C3: temporal_modifications=temporal_023 & ego_maneuver=ego_013 & triggering_conditions=trigger_075,343797.663,343797.827,24753431.8,24753443.5,11.8,0.163,0,886.932,63859.1,,
177,rare_combination,combination,C3: temporal_modifications=temporal_023 & ego_maneuver=ego_013 & triggering_conditions=trigger_075,343798.091,343798.406,24753462.6,24753485.2,22.6,0.315,0,0.428,30.8,,
178,rare_combination,combination,C3: temporal_modifications=temporal_009 & ego_maneuver=ego_000 & triggering_conditions=trigger_028,347601.826,347601.931,25027331.5,25027339.0,7.5,0.105,0,3803.735,273868.9,,
179,rare_combination,combination,C3: ru_maneuver=ru_009 & environmental_conditions=environment_013 & triggering_conditions=trigger_017,349965.177,349966.104,25197492.7,25197559.5,66.8,0.927,0,2363.350,170161.2,,
180,rare_combination,combination,C3: ego_maneuver=ego_013 & environmental_conditions=environment_012 & triggering_conditions=trigger_066,350024.675,350025.012,25201776.6,25201800.9,24.3,0.337,0,59.499,4283.9,,
181,rare_combination,combination,C3: ego_maneuver=ego_011 & ru_maneuver=ru_010 & triggering_conditions=trigger_014,351823.597,351823.878,25331299.0,25331319.2,20.2,0.281,0,1798.922,129522.4,,
182,rare_combination,combination,C3: ru_maneuver=ru_018 & environmental_conditions=environment_009 & triggering_conditions=trigger_058,355667.460,355667.728,25608057.1,25608076.4,19.3,0.269,0,3843.863,276758.1,,
183,rare_combination,combination,C3: temporal_modifications=temporal_017 & ego_maneuver=ego_000 & triggering_conditions=trigger_007,356208.035,356208.084,25646978.5,25646982.0,3.5,0.049,0,540.575,38921.4,,
184,rare_combination,combination,C3: ru_maneuver=ru_009 & environmental_conditions=environment_013 & triggering_conditions=trigger_017,356250.748,356251.027,25650053.8,25650073.9,20.1,0.279,0,42.713,3075.3,,
185,rare_combination,combination,C3: temporal_modifications=temporal_023 & ego_maneuver=ego_009 & triggering_conditions=trigger_000,356913.728,356913.758,25697788.4,25697790.6,2.2,0.030,0,662.980,47734.6,,
186,rare_combination,combination,C3: temporal_modifications=temporal_009 & ego_maneuver=ego_000 & triggering_conditions=trigger_028,358779.020,358779.085,25832089.5,25832094.1,4.6,0.065,0,1865.293,134301.1,,
187,rare_combination,combination,C3: ego_maneuver=ego_009 & environmental_conditions=environment_009 & triggering_conditions=trigger_064,360323.097,360323.165,25943263.0,25943267.9,5.0,0.069,0,1544.076,111173.5,,
188,rare_combination,combination,C3: street=street_000 & ego_maneuver=ego_011 & triggering_conditions=trigger_018,360838.167,360838.247,25980348.0,25980353.8,5.8,0.080,0,515.070,37085.1,,
189,rare_combination,combination,C3: temporal_modifications=temporal_001 & ru_maneuver=ru_005 & triggering_conditions=trigger_011,365378.709,365378.956,26307267.1,26307284.9,17.8,0.247,0,4540.542,326919.0,,
190,rare_combination,combination,C3: street=street_004 & environmental_conditions=environment_012 & triggering_conditions=trigger_000,369411.029,369411.097,26597594.1,26597599.0,4.9,0.068,0,4032.320,290327.0,,
191,rare_combination,combination,C3: street=street_004 & environmental_conditions=environment_012 & triggering_conditions=trigger_000,369411.335,369412.845,26597616.1,26597724.9,108.7,1.510,0,0.306,22.0,,
192,rare_combination,combination,C3: ru_maneuver=ru_018 & environmental_conditions=environment_009 & triggering_conditions=trigger_058,370095.719,370095.823,26646891.8,26646899.2,7.4,0.103,0,684.384,49275.7,,
193,rare_combination,combination,C3: street=street_004 & ego_maneuver=ego_009 & triggering_conditions=trigger_011,373050.325,373050.613,26859623.4,26859644.2,20.7,0.288,0,2954.606,212731.6,,
194,rare_combination,combination,C3: temporal_modifications=temporal_024 & ego_maneuver=ego_013 & triggering_conditions=trigger_059,373737.882,373738.124,26909127.5,26909144.9,17.4,0.242,0,687.557,49504.1,,
195,rare_combination,combination,C3: ego_maneuver=ego_011 & ru_maneuver=ru_010 & triggering_conditions=trigger_014,376258.183,376258.405,27090589.2,27090605.1,16.0,0.222,0,2520.300,181461.6,,
196,rare_combination,combination,C3: street=street_000 & temporal_modifications=temporal_009 & triggering_conditions=trigger_066,377264.570,377264.969,27163049.0,27163077.8,28.8,0.399,0,1006.387,72459.9,,
197,rare_combination,combination,C3: street=street_000 & temporal_modifications=temporal_009 & triggering_conditions=trigger_066,377265.211,377265.619,27163095.2,27163124.6,29.4,0.408,0,0.642,46.2,,
198,rare_combination,combination,C3: ru_maneuver=ru_018 & environmental_conditions=environment_009 & triggering_conditions=trigger_058,378006.316,378006.840,27216454.8,27216492.5,37.7,0.524,0,741.105,53359.5,,
199,rare_combination,combination,C3: street=street_004 & ego_maneuver=ego_009 & triggering_conditions=trigger_011,379685.471,379685.550,27337353.9,27337359.6,5.7,0.080,0,1679.155,120899.1,,
200,rare_combination,combination,C3: temporal_modifications=temporal_008 & environmental_conditions=environment_009 & triggering_conditions=trigger_028,381948.821,381949.259,27500315.1,27500346.6,31.5,0.437,0,2263.351,162961.2,,
201,rare_combination,combination,C3: street=street_004 & ego_maneuver=ego_009 & triggering_conditions=trigger_011,383789.947,383790.107,27632876.2,27632887.7,11.5,0.159,0,1841.126,132561.1,,
202,rare_combination,combination,C3: ego_maneuver=ego_011 & ru_maneuver=ru_010 & triggering_conditions=trigger_014,386554.642,386554.807,27831934.2,27831946.1,11.9,0.166,0,2764.694,199058.0,,
203,rare_combination,combination,C3: street=street_000 & temporal_modifications=temporal_001 & triggering_conditions=trigger_032,388672.425,388672.507,27984414.6,27984420.5,5.9,0.082,0,2117.783,152480.4,,
204,rare_combination,combination,C4: street=street_004 & ego_maneuver=ego_011 & ru_maneuver=ru_009 & triggering_conditions=trigger_028,389716.024,389716.124,28059553.8,28059561.0,7.2,0.100,0,1043.600,75139.2,,
205,rare_combination,combination,C3: ego_maneuver=ego_011 & ru_maneuver=ru_010 & triggering_conditions=trigger_014,397231.140,397231.205,28600642.1,28600646.7,4.7,0.065,0,7515.116,541088.3,,
206,rare_combination,combination,C3: street=street_000 & ego_maneuver=ego_011 & triggering_conditions=trigger_018,400212.989,400213.018,28815335.2,28815337.3,2.1,0.028,0,2981.849,214693.1,,
207,rare_combination,combination,C4: temporal_modifications=temporal_024 & ego_maneuver=ego_013 & ru_maneuver=ru_010 & triggering_conditions=trigger_018,400513.550,400513.656,28836975.6,28836983.2,7.6,0.106,0,300.561,21640.4,,
208,rare_combination,combination,C3: temporal_modifications=temporal_017 & ego_maneuver=ego_011 & triggering_conditions=trigger_028,400701.133,400701.282,28850481.6,28850492.3,10.7,0.149,0,187.583,13506.0,,
209,rare_combination,combination,C3: ego_maneuver=ego_009 & environmental_conditions=environment_000 & triggering_conditions=trigger_064,402028.011,402028.346,28946016.8,28946040.9,24.1,0.335,0,1326.878,95535.3,,
210,rare_combination,combination,C3: street=street_004 & ego_maneuver=ego_009 & triggering_conditions=trigger_011,404715.813,404716.087,29139538.5,29139558.2,19.7,0.274,0,2687.801,193521.7,,
211,rare_combination,combination,C3: ego_maneuver=ego_011 & ru_maneuver=ru_010 & triggering_conditions=trigger_014,407649.158,407649.224,29350739.4,29350744.1,4.7,0.066,0,2933.346,211200.9,,
212,rare_combination,combination,C3: ego_maneuver=ego_013 & environmental_conditions=environment_000 & triggering_conditions=trigger_018,409561.235,409561.451,29488408.9,29488424.5,15.6,0.216,0,1912.077,137669.5,,
213,rare_combination,combination,C3: temporal_modifications=temporal_024 & ego_maneuver=ego_013 & triggering_conditions=trigger_059,412719.315,412719.350,29715790.7,29715793.2,2.5,0.035,0,3158.080,227381.8,,
214,rare_combination,combination,C3: ego_maneuver=ego_009 & environmental_conditions=environment_009 & triggering_conditions=trigger_064,414171.133,414171.518,29820321.6,29820349.3,27.7,0.385,0,1451.818,104530.9,,
215,rare_combination,combination,C3: ego_maneuver=ego_011 & ru_maneuver=ru_010 & triggering_conditions=trigger_014,419638.341,419638.712,30213960.6,30213987.3,26.7,0.371,0,5467.208,393639.0,,
216,rare_combination,combination,C3: street=street_004 & environmental_conditions=environment_012 & triggering_conditions=trigger_000,419922.495,419923.314,30234419.6,30234478.6,59.0,0.819,0,284.154,20459.1,,
217,rare_combination,combination,C3: temporal_modifications=temporal_023 & ego_maneuver=ego_013 & triggering_conditions=trigger_075,421689.085,421689.159,30361614.1,30361619.5,5.4,0.075,0,1766.590,127194.5,,
218,rare_combination,combination,C3: ego_maneuver=ego_011 & ru_maneuver=ru_010 & triggering_conditions=trigger_014,422401.343,422401.475,30412896.7,30412906.2,9.5,0.132,0,712.258,51282.6,,
219,rare_combination,combination,C4: street=street_004 & ego_maneuver=ego_011 & ru_maneuver=ru_009 & triggering_conditions=trigger_028,424842.813,424842.996,30588682.5,30588695.7,13.2,0.183,0,2441.470,175785.8,,
220,rare_combination,combination,C3: ru_maneuver=ru_009 & environmental_conditions=environment_000 & triggering_conditions=trigger_066,433860.212,433860.335,31237935.3,31237944.1,8.9,0.123,0,9017.399,649252.7,,
221,rare_combination,combination,C3: ego_maneuver=ego_013 & environmental_conditions=environment_012 & triggering_conditions=trigger_017,433946.377,433946.558,31244139.2,31244152.2,13.0,0.181,0,86.165,6203.9,,
222,rare_combination,combination,C3: ru_maneuver=ru_018 & environmental_conditions=environment_009 & triggering_conditions=trigger_058,435209.964,435210.025,31335117.4,31335121.8,4.4,0.061,0,1263.587,90978.2,,
223,rare_combination,combination,C3: ru_maneuver=ru_018 & environmental_conditions=environment_009 & triggering_conditions=trigger_058,435210.233,435210.305,31335136.8,31335142.0,5.2,0.072,0,0.270,19.4,,
224,rare_combination,combination,C3: ego_maneuver=ego_013 & environmental_conditions=environment_012 & triggering_conditions=trigger_066,435532.564,435532.598,31358344.6,31358347.1,2.5,0.034,0,322.330,23207.8,,
225,rare_combination,combination,C3: ego_maneuver=ego_013 & environmental_conditions=environment_012 & triggering_conditions=trigger_017,436978.982,436979.188,31462486.7,31462501.5,14.8,0.205,0,1446.419,104142.1,,
226,rare_combination,combination,C3: street=street_004 & environmental_conditions=environment_012 & triggering_conditions=trigger_000,436984.443,436985.919,31462879.9,31462986.2,106.3,1.476,0,5.461,393.2,,
227,rare_combination,combination,C3: street=street_004 & environmental_conditions=environment_012 & triggering_conditions=trigger_000,436985.953,436986.050,31462988.6,31462995.6,7.0,0.097,0,1.510,108.7,,
228,rare_combination,combination,C3: street=street_004 & ego_maneuver=ego_009 & triggering_conditions=trigger_011,438581.813,438581.848,31577890.5,31577893.0,2.5,0.035,0,1595.860,114901.9,,
229,rare_combination,combination,C3: temporal_modifications=temporal_005 & ru_maneuver=ru_009 & triggering_conditions=trigger_017,438720.399,438720.477,31587868.7,31587874.3,5.6,0.078,0,138.586,9978.2,,
230,rare_combination,combination,C3: street=street_004 & ego_maneuver=ego_009 & triggering_conditions=trigger_011,440400.636,440401.253,31708845.8,31708890.2,44.4,0.617,0,1680.237,120977.1,,
231,rare_combination,combination,C3: temporal_modifications=temporal_028 & ego_maneuver=ego_013 & triggering_conditions=trigger_075,440439.534,440439.797,31711646.4,31711665.4,19.0,0.264,0,38.898,2800.6,,
232,rare_combination,combination,C4: temporal_modifications=temporal_017 & ego_maneuver=ego_009 & environmental_conditions=environment_009 & triggering_conditions=trigger_014,440853.913,440854.021,31741481.7,31741489.5,7.8,0.108,0,414.379,29835.3,,
233,rare_combination,combination,C3: street=street_000 & ego_maneuver=ego_011 & triggering_conditions=trigger_018,444762.535,444762.851,32022902.5,32022925.3,22.8,0.317,0,3908.622,281420.8,,
234,rare_combination,combination,C3: ego_maneuver=ego_011 & ru_maneuver=ru_010 & triggering_conditions=trigger_014,449234.573,449234.781,32344889.3,32344904.3,15.0,0.209,0,4472.038,321986.8,,
235,rare_combination,combination,C3: ego_maneuver=ego_013 & environmental_conditions=environment_012 & triggering_conditions=trigger_066,451828.964,451829.406,32531685.4,32531717.3,31.9,0.443,0,2594.391,186796.1,,
236,rare_combination,combination,C3: temporal_modifications=temporal_017 & ru_maneuver=ru_009 & triggering_conditions=trigger_064,452540.827,452541.342,32582939.5,32582976.6,37.1,0.516,0,711.863,51254.1,,
237,rare_combination,combination,C3: temporal_modifications=temporal_017 & ru_maneuver=ru_009 & triggering_conditions=trigger_064,452541.824,452542.531,32583011.3,32583062.2,50.9,0.707,0,0.997,71.8,,
238,rare_combination,combination,C3: street=street_004 & ego_maneuver=ego_009 & triggering_conditions=trigger_011,453910.222,453910.583,32681536.0,32681562.0,26.0,0.361,0,1368.398,98524.7,,
239,rare_combination,combination,C3: temporal_modifications=temporal_008 & environmental_conditions=environment_009 & triggering_conditions=trigger_028,464420.375,464421.528,33438267.0,33438350.0,83.0,1.153,0,10510.153,756731.0,,
240,rare_combination,combination,C3: temporal_modifications=temporal_024 & ego_maneuver=ego_013 & triggering_conditions=trigger_059,468555.631,468556.073,33736005.4,33736037.2,31.8,0.442,0,4135.256,297738.5,,
241,rare_combination,combination,C3: temporal_modifications=temporal_017 & ego_maneuver=ego_011 & triggering_conditions=trigger_028,468850.579,468850.943,33757241.7,33757267.9,26.2,0.364,0,294.948,21236.2,,
242,rare_combination,combination,C3: street=street_000 & ego_maneuver=ego_011 & triggering_conditions=trigger_018,474705.621,474705.674,34178804.7,34178808.5,3.8,0.052,0,5855.042,421563.0,,
243,rare_combination,combination,C3: ru_maneuver=ru_005 & environmental_conditions=environment_009 & triggering_conditions=trigger_017,482221.270,482221.347,34719931.4,34719937.0,5.6,0.077,0,7515.648,541126.7,,
244,rare_combination,combination,C3: temporal_modifications=temporal_017 & environmental_conditions=environment_012 & triggering_conditions=trigger_014,483033.130,483033.739,34778385.4,34778429.2,43.9,0.609,0,811.860,58453.9,,
245,rare_combination,combination,C3: ego_maneuver=ego_011 & ru_maneuver=ru_010 & triggering_conditions=trigger_014,483814.317,483814.426,34834630.8,34834638.6,7.8,0.109,0,781.187,56245.5,,
246,rare_combination,combination,C3: ego_maneuver=ego_009 & environmental_conditions=environment_000 & triggering_conditions=trigger_064,485051.209,485051.410,34923687.0,34923701.5,14.5,0.201,0,1236.892,89056.2,,
247,rare_combination,combination,C3: ego_maneuver=ego_013 & environmental_conditions=environment_012 & triggering_conditions=trigger_066,492134.076,492134.420,35433653.5,35433678.3,24.8,0.344,0,7082.867,509966.4,,
248,rare_combination,combination,C3: ego_maneuver=ego_013 & environmental_conditions=environment_012 & triggering_conditions=trigger_017,499200.363,499200.975,35942426.1,35942470.2,44.0,0.612,0,7066.287,508772.7,,
249,rare_combination,combination,C3: ru_maneuver=ru_005 & environmental_conditions=environment_009 & triggering_conditions=trigger_017,499258.272,499259.048,35946595.6,35946651.5,55.9,0.777,0,57.908,4169.4,,
250,rare_combination,combination,C3: ego_maneuver=ego_011 & environmental_conditions=environment_009 & triggering_conditions=trigger_017,504422.161,504422.217,36318395.6,36318399.6,4.0,0.056,0,5163.890,371800.1,,
251,rare_combination,combination,C3: temporal_modifications=temporal_023 & ego_maneuver=ego_013 & triggering_conditions=trigger_075,506178.180,506178.360,36444828.9,36444842.0,13.0,0.181,0,1756.018,126433.3,,
252,rare_combination,combination,C3: temporal_modifications=temporal_017 & ego_maneuver=ego_011 & triggering_conditions=trigger_028,508099.392,508099.604,36583156.2,36583171.5,15.3,0.212,0,1921.212,138327.3,,
253,rare_combination,combination,C3: temporal_modifications=temporal_017 & ego_maneuver=ego_011 & triggering_conditions=trigger_028,508099.650,508099.806,36583174.8,36583186.0,11.2,0.156,0,0.259,18.6,,
254,rare_combination,combination,C3: ego_maneuver=ego_011 & ru_maneuver=ru_010 & triggering_conditions=trigger_014,508427.070,508427.237,36606749.0,36606761.1,12.1,0.167,0,327.420,23574.2,,
255,rare_combination,combination,C4: street=street_004 & ego_maneuver=ego_011 & ru_maneuver=ru_009 & triggering_conditions=trigger_028,512065.556,512065.667,36868720.1,36868728.0,7.9,0.110,0,3638.486,261971.0,,
256,rare_combination,combination,C3: ru_maneuver=ru_010 & environmental_conditions=environment_012 & triggering_conditions=trigger_000,516825.188,516825.328,37211413.5,37211423.6,10.1,0.141,0,4759.631,342693.4,,
257,rare_combination,combination,C3: temporal_modifications=temporal_017 & ru_maneuver=ru_009 & triggering_conditions=trigger_064,518778.483,518778.830,37352050.8,37352075.8,25.0,0.348,0,1953.295,140637.2,,
258,rare_combination,combination,C3: street=street_000 & ego_maneuver=ego_011 & triggering_conditions=trigger_018,521033.262,521033.441,37514394.9,37514407.7,12.8,0.178,0,2254.780,162344.1,,
259,rare_combination,combination,C3: temporal_modifications=temporal_009 & ego_maneuver=ego_000 & triggering_conditions=trigger_028,531798.778,531798.883,38289512.0,38289519.5,7.5,0.104,0,10765.516,775117.1,,
260,rare_combination,combination,C3: ego_maneuver=ego_013 & environmental_conditions=environment_000 & triggering_conditions=trigger_018,532272.886,532272.903,38323647.8,38323649.0,1.2,0.017,0,474.107,34135.7,,
261,rare_combination,combination,C3: ego_maneuver=ego_013 & environmental_conditions=environment_000 & triggering_conditions=trigger_018,532272.980,532273.163,38323654.5,38323667.7,13.2,0.183,0,0.094,6.7,,
262,rare_combination,combination,C3: ego_maneuver=ego_009 & environmental_conditions=environment_000 & triggering_conditions=trigger_064,532274.949,532274.964,38323796.3,38323797.4,1.1,0.015,0,1.969,141.8,,
263,rare_combination,combination,C3: ego_maneuver=ego_009 & environmental_conditions=environment_009 & triggering_conditions=trigger_064,532274.964,532275.162,38323797.4,38323811.6,14.2,0.197,0,0.015,1.1,,
264,rare_combination,combination,C3: ru_maneuver=ru_018 & environmental_conditions=environment_009 & triggering_conditions=trigger_058,532278.476,532278.569,38324050.3,38324056.9,6.7,0.093,0,3.512,252.8,,
265,rare_combination,combination,C3: street=street_004 & environmental_conditions=environment_012 & triggering_conditions=trigger_000,532704.178,532704.353,38354700.8,38354713.4,12.6,0.175,0,425.702,30650.5,,
266,rare_combination,combination,C3: street=street_004 & environmental_conditions=environment_012 & triggering_conditions=trigger_000,532704.438,532704.636,38354719.5,38354733.8,14.3,0.198,0,0.260,18.7,,
267,rare_combination,combination,C3: ego_maneuver=ego_009 & environmental_conditions=environment_000 & triggering_conditions=trigger_064,533733.097,533733.353,38428783.0,38428801.4,18.4,0.256,0,1028.659,74063.5,,
268,rare_combination,combination,C3: ego_maneuver=ego_009 & environmental_conditions=environment_009 & triggering_conditions=trigger_064,536275.081,536275.380,38611805.9,38611827.4,21.5,0.299,0,2541.984,183022.8,,
269,rare_combination,combination,C3: ego_maneuver=ego_011 & ru_maneuver=ru_010 & triggering_conditions=trigger_014,537290.196,537290.203,38684894.1,38684894.6,0.5,0.007,0,1015.115,73088.3,,
270,rare_combination,combination,C3: street=street_004 & ego_maneuver=ego_009 & triggering_conditions=trigger_011,537719.318,537719.436,38715790.9,38715799.4,8.5,0.118,0,429.122,30896.8,,
271,rare_combination,combination,C3: ego_maneuver=ego_009 & environmental_conditions=environment_000 & triggering_conditions=trigger_064,540846.481,540846.610,38940946.7,38940955.9,9.3,0.129,0,3127.163,225155.7,,
272,rare_combination,combination,C3: ego_maneuver=ego_011 & ru_maneuver=ru_010 & triggering_conditions=trigger_014,541052.988,541053.121,38955815.1,38955824.7,9.6,0.133,0,206.506,14868.5,,
273,rare_combination,combination,C3: street=street_004 & ego_maneuver=ego_009 & triggering_conditions=trigger_011,541952.025,541952.492,39020545.8,39020579.4,33.6,0.467,0,899.037,64730.7,,
274,rare_combination,combination,C3: ego_maneuver=ego_009 & environmental_conditions=environment_009 & triggering_conditions=trigger_064,544230.669,544230.721,39184608.2,39184611.9,3.7,0.051,0,2278.645,164062.4,,
275,rare_combination,combination,C3: street=street_004 & ego_maneuver=ego_009 & triggering_conditions=trigger_011,546892.506,546892.636,39376260.5,39376269.8,9.4,0.130,0,2661.837,191652.3,,
276,rare_combination,combination,C3: ego_maneuver=ego_013 & environmental_conditions=environment_012 & triggering_conditions=trigger_066,557203.818,557203.933,40118674.9,40118683.2,8.3,0.115,0,10311.312,742414.5,,
277,rare_combination,combination,C3: ego_maneuver=ego_009 & environmental_conditions=environment_000 & triggering_conditions=trigger_064,558363.934,558364.638,40202203.2,40202253.9,50.7,0.704,0,1160.115,83528.3,,
278,rare_combination,combination,C3: street=street_000 & temporal_modifications=temporal_001 & triggering_conditions=trigger_032,559375.203,559376.792,40275014.6,40275129.0,114.4,1.589,0,1011.269,72811.4,,
279,rare_combination,combination,C3: street=street_000 & temporal_modifications=temporal_001 & triggering_conditions=trigger_032,559376.831,559377.545,40275131.9,40275183.2,51.4,0.714,0,1.629,117.3,,
280,rare_combination,combination,C3: ego_maneuver=ego_013 & environmental_conditions=environment_012 & triggering_conditions=trigger_066,559901.849,559901.881,40312933.1,40312935.4,2.3,0.032,0,525.018,37801.3,,
281,rare_combination,combination,C3: ego_maneuver=ego_013 & environmental_conditions=environment_012 & triggering_conditions=trigger_066,559902.807,559903.080,40313002.1,40313021.7,19.6,0.272,0,0.958,69.0,,
282,rare_combination,combination,C3: street=street_000 & ego_maneuver=ego_011 & triggering_conditions=trigger_018,563133.788,563133.998,40545632.7,40545647.9,15.1,0.210,0,3230.981,232630.6,,
283,rare_combination,combination,C3: temporal_modifications=temporal_005 & ego_maneuver=ego_011 & triggering_conditions=trigger_023,564425.771,564425.816,40638655.5,40638658.7,3.2,0.045,0,1291.983,93022.8,,
284,rare_combination,combination,C3: ego_maneuver=ego_009 & environmental_conditions=environment_000 & triggering_conditions=trigger_064,564632.263,564632.413,40653522.9,40653533.8,10.8,0.150,0,206.492,14867.4,,
285,rare_combination,combination,C3: ego_maneuver=ego_009 & environmental_conditions=environment_000 & triggering_conditions=trigger_064,564632.823,564632.984,40653563.3,40653574.8,11.6,0.161,0,0.560,40.3,,
286,rare_combination,combination,C3: ego_maneuver=ego_009 & environmental_conditions=environment_000 & triggering_conditions=trigger_064,565737.792,565738.276,40733121.1,40733155.9,34.8,0.483,0,1104.969,79557.8,,
287,rare_combination,combination,C3: street=street_004 & environmental_conditions=environment_012 & triggering_conditions=trigger_000,572554.452,572555.295,41223920.6,41223981.2,60.6,0.842,0,6816.660,490799.5,,
288,rare_combination,combination,C3: ru_maneuver=ru_018 & environmental_conditions=environment_009 & triggering_conditions=trigger_023,572606.817,572607.124,41227690.8,41227712.9,22.1,0.307,0,52.364,3770.2,,
289,rare_combination,combination,C3: ru_maneuver=ru_018 & environmental_conditions=environment_009 & triggering_conditions=trigger_023,574863.206,574863.434,41390150.8,41390167.2,16.4,0.228,0,2256.389,162460.0,,
290,rare_combination,combination,C3: temporal_modifications=temporal_023 & ru_maneuver=ru_010 & triggering_conditions=trigger_064,575378.834,575379.313,41427276.0,41427310.5,34.5,0.479,0,515.628,37125.2,,
291,rare_combination,combination,C3: ego_maneuver=ego_009 & environmental_conditions=environment_000 & triggering_conditions=trigger_064,575914.265,575914.430,41465827.1,41465838.9,11.8,0.164,0,535.432,38551.1,,
292,rare_combination,combination,C3: temporal_modifications=temporal_009 & environmental_conditions=environment_000 & triggering_conditions=trigger_014,576402.402,576402.915,41500973.0,41501009.9,36.9,0.513,0,488.137,35145.9,,
293,rare_combination,combination,C3: temporal_modifications=temporal_009 & ego_maneuver=ego_000 & triggering_conditions=trigger_028,577707.032,577707.114,41594906.3,41594912.2,5.9,0.082,0,1304.630,93933.3,,
294,rare_combination,combination,C3: temporal_modifications=temporal_005 & ego_maneuver=ego_011 & triggering_conditions=trigger_023,583224.773,583224.875,41992183.7,41992191.0,7.3,0.102,0,5517.741,397277.4,,
295,rare_combination,combination,C3: temporal_modifications=temporal_001 & ru_maneuver=ru_005 & triggering_conditions=trigger_011,589681.635,589682.174,42457077.7,42457116.5,38.8,0.539,0,6456.862,464894.0,,
296,rare_combination,combination,C3: ru_maneuver=ru_009 & environmental_conditions=environment_000 & triggering_conditions=trigger_066,592362.494,592362.889,42650099.6,42650128.0,28.4,0.395,0,2680.859,193021.8,,
297,rare_combination,combination,C3: street=street_000 & temporal_modifications=temporal_024 & triggering_conditions=trigger_017,594105.340,594105.952,42775584.5,42775628.5,44.0,0.611,0,1742.847,125485.0,,
298,rare_combination,combination,C3: ru_maneuver=ru_018 & environmental_conditions=environment_009 & triggering_conditions=trigger_058,596234.563,596235.812,42928888.6,42928978.5,89.9,1.249,0,2129.223,153304.1,,
299,rare_combination,combination,C3: street=street_004 & ego_maneuver=ego_009 & triggering_conditions=trigger_011,600556.627,600556.687,43240077.1,43240081.5,4.3,0.060,0,4322.063,311188.6,,
300,rare_combination,combination,C3: ego_maneuver=ego_013 & environmental_conditions=environment_012 & triggering_conditions=trigger_066,602318.923,602319.026,43366962.4,43366969.9,7.4,0.103,0,1762.296,126885.3,,
301,rare_combination,combination,C3: ego_maneuver=ego_011 & ru_maneuver=ru_010 & triggering_conditions=trigger_014,602924.491,602924.619,43410563.4,43410572.5,9.2,0.127,0,605.569,43600.9,,
302,rare_combination,combination,C3: ego_maneuver=ego_011 & ru_maneuver=ru_010 & triggering_conditions=trigger_014,603135.191,603135.707,43425733.7,43425770.9,37.2,0.516,0,210.699,15170.4,,
303,rare_combination,combination,C3: temporal_modifications=temporal_005 & ru_maneuver=ru_009 & triggering_conditions=trigger_017,603769.601,603769.902,43471411.3,43471433.0,21.7,0.301,0,634.411,45677.6,,
304,rare_combination,combination,C3: ru_maneuver=ru_018 & environmental_conditions=environment_009 & triggering_conditions=trigger_058,605066.228,605067.019,43564768.4,43564825.3,56.9,0.791,0,1296.627,93357.1,,
305,rare_combination,combination,C3: ru_maneuver=ru_010 & environmental_conditions=environment_013 & triggering_conditions=trigger_007,606034.884,606035.059,43634511.6,43634524.3,12.6,0.175,0,968.656,69743.2,,
306,rare_combination,combination,C3: temporal_modifications=temporal_001 & environmental_conditions=environment_013 & triggering_conditions=trigger_000,606419.019,606419.512,43662169.4,43662204.9,35.5,0.493,0,384.135,27657.8,,
307,rare_combination,combination,C3: ego_maneuver=ego_009 & environmental_conditions=environment_009 & triggering_conditions=trigger_064,609955.022,609955.133,43916761.6,43916769.6,8.0,0.111,0,3536.003,254592.2,,
308,rare_combination,combination,C3: street=street_000 & ego_maneuver=ego_011 & triggering_conditions=trigger_018,615217.173,615217.303,44295636.5,44295645.8,9.3,0.130,0,5262.151,378874.9,,
309,rare_combination,combination,C3: ru_maneuver=ru_010 & environmental_conditions=environment_013 & triggering_conditions=trigger_007,615246.068,615246.678,44297716.9,44297760.8,43.9,0.610,0,28.894,2080.4,,
310,rare_combination,combination,C3: ego_maneuver=ego_013 & environmental_conditions=environment_012 & triggering_conditions=trigger_017,616370.449,616370.717,44378672.3,44378691.6,19.3,0.269,0,1124.381,80955.4,,
311,rare_combination,combination,C3: ru_maneuver=ru_010 & environmental_conditions=environment_013 & triggering_conditions=trigger_007,619047.279,619047.716,44571404.1,44571435.6,31.5,0.437,0,2676.831,192731.8,,
312,rare_combination,combination,C3: street=street_000 & temporal_modifications=temporal_038 & triggering_conditions=trigger_007,620517.015,620517.616,44677225.1,44677268.3,43.2,0.600,0,1469.736,105821.0,,
313,rare_combination,combination,C3: street=street_000 & temporal_modifications=temporal_038 & triggering_conditions=trigger_007,620517.791,620518.677,44677280.9,44677344.8,63.8,0.887,0,0.776,55.8,,
314,rare_combination,combination,C3: street=street_004 & ego_maneuver=ego_009 & triggering_conditions=trigger_011,620673.176,620673.218,44688468.6,44688471.7,3.1,0.043,0,155.385,11187.7,,
315,rare_combination,combination,C3: temporal_modifications=temporal_009 & environmental_conditions=environment_000 & triggering_conditions=trigger_014,622692.392,622692.719,44833852.2,44833875.8,23.5,0.327,0,2019.216,145383.6,,
316,rare_combination,combination,C3: street=street_000 & ego_maneuver=ego_011 & triggering_conditions=trigger_018,624427.305,624427.323,44958765.9,44958767.3,1.3,0.018,0,1734.912,124913.7,,
317,rare_combination,combination,C3: street=street_000 & temporal_modifications=temporal_009 & triggering_conditions=trigger_066,626520.446,626520.699,45109472.1,45109490.3,18.2,0.252,0,2093.142,150706.2,,
318,rare_combination,combination,C3: temporal_modifications=temporal_017 & environmental_conditions=environment_012 & triggering_conditions=trigger_014,631270.092,631270.099,45451446.7,45451447.1,0.4,0.006,0,4749.646,341974.5,,
319,rare_combination,combination,C3: temporal_modifications=temporal_017 & environmental_conditions=environment_012 & triggering_conditions=trigger_014,631270.306,631270.705,45451462.1,45451490.7,28.7,0.398,0,0.214,15.4,,
320,rare_combination,combination,C3: temporal_modifications=temporal_009 & ego_maneuver=ego_000 & triggering_conditions=trigger_028,631585.610,631586.162,45474163.9,45474203.6,39.7,0.552,0,315.303,22701.8,,
321,rare_combination,combination,C3: ru_maneuver=ru_009 & environmental_conditions=environment_000 & triggering_conditions=trigger_066,631916.067,631916.515,45497956.8,45497989.1,32.3,0.448,0,330.457,23792.9,,
322,rare_combination,combination,C3: ego_maneuver=ego_009 & environmental_conditions=environment_009 & triggering_conditions=trigger_064,634775.437,634776.130,45703831.5,45703881.3,49.9,0.692,0,2859.370,205874.7,,
323,rare_combination,combination,C3: ego_maneuver=ego_013 & environmental_conditions=environment_012 & triggering_conditions=trigger_066,638653.505,638653.829,45983052.4,45983075.7,23.3,0.324,0,3878.068,279220.9,,
324,rare_combination,combination,C3: ego_maneuver=ego_013 & environmental_conditions=environment_012 & triggering_conditions=trigger_066,641601.285,641601.355,46195292.5,46195297.5,5.0,0.069,0,2947.780,212240.2,,
325,rare_combination,combination,C3: ru_maneuver=ru_009 & environmental_conditions=environment_000 & triggering_conditions=trigger_066,641808.796,641809.296,46210233.3,46210269.3,36.0,0.501,0,207.511,14940.8,,
326,rare_combination,combination,C3: ego_maneuver=ego_009 & environmental_conditions=environment_009 & triggering_conditions=trigger_064,643425.112,643425.287,46326608.1,46326620.7,12.6,0.175,0,1616.316,116374.8,,
327,rare_combination,combination,C3: street=street_004 & ego_maneuver=ego_009 & triggering_conditions=trigger_011,644920.497,644920.514,46434275.8,46434277.0,1.2,0.016,0,1495.385,107667.8,,
328,rare_combination,combination,C3: ego_maneuver=ego_009 & environmental_conditions=environment_009 & triggering_conditions=trigger_064,651682.912,651683.104,46921169.7,46921183.5,13.8,0.192,0,6762.415,486893.9,,
329,rare_combination,combination,C3: ru_maneuver=ru_018 & environmental_conditions=environment_009 & triggering_conditions=trigger_058,651695.021,651695.307,46922041.5,46922062.1,20.6,0.286,0,12.109,871.8,,
330,rare_combination,combination,C3: street=street_004 & environmental_conditions=environment_012 & triggering_conditions=trigger_000,652745.203,652745.602,46997654.6,46997683.4,28.7,0.399,0,1050.182,75613.1,,
331,rare_combination,combination,C3: street=street_004 & environmental_conditions=environment_012 & triggering_conditions=trigger_000,652745.792,652746.644,46997697.0,46997758.4,61.4,0.852,0,0.589,42.4,,
332,rare_combination,combination,C3: ego_maneuver=ego_013 & environmental_conditions=environment_012 & triggering_conditions=trigger_066,656714.024,656714.105,47283409.7,47283415.6,5.9,0.081,0,3968.231,285712.7,,
333,rare_combination,combination,C3: ru_maneuver=ru_010 & environmental_conditions=environment_013 & triggering_conditions=trigger_007,657833.404,657833.894,47364005.1,47364040.4,35.3,0.490,0,1119.380,80595.4,,
334,rare_combination,combination,C3: ego_maneuver=ego_011 & ru_maneuver=ru_010 & triggering_conditions=trigger_014,658134.755,658134.870,47385702.4,47385710.7,8.3,0.115,0,301.351,21697.3,,
335,rare_combination,combination,C3: ru_maneuver=ru_010 & environmental_conditions=environment_013 & triggering_conditions=trigger_007,658851.562,658851.782,47437312.4,47437328.3,15.9,0.220,0,716.806,51610.1,,
336,rare_combination,combination,C3: temporal_modifications=temporal_017 & ru_maneuver=ru_009 & triggering_conditions=trigger_064,660121.548,660122.050,47528751.5,47528787.6,36.1,0.502,0,1269.987,91439.0,,
337,rare_combination,combination,C3: temporal_modifications=temporal_017 & ru_maneuver=ru_009 & triggering_conditions=trigger_064,660122.252,660122.509,47528802.2,47528820.6,18.5,0.256,0,0.704,50.7,,
338,rare_combination,combination,C3: temporal_modifications=temporal_005 & ego_maneuver=ego_011 & triggering_conditions=trigger_023,662085.457,662085.651,47670152.9,47670166.9,14.0,0.194,0,1963.204,141350.7,,
339,rare_combination,combination,C3: street=street_000 & ego_maneuver=ego_011 & triggering_conditions=trigger_018,665759.796,665760.179,47934705.3,47934732.9,27.6,0.384,0,3674.339,264552.4,,
340,rare_combination,combination,C3: ru_maneuver=ru_018 & environmental_conditions=environment_009 & triggering_conditions=trigger_023,666389.113,666389.387,47980016.1,47980035.9,19.7,0.274,0,629.317,45310.8,,
341,rare_combination,combination,C3: street=street_004 & environmental_conditions=environment_012 & triggering_conditions=trigger_000,668501.193,668501.353,48132085.9,48132097.4,11.5,0.160,0,2112.080,152069.8,,
342,rare_combination,combination,C3: street=street_000 & ego_maneuver=ego_011 & triggering_conditions=trigger_018,669699.499,669699.917,48218363.9,48218394.0,30.1,0.418,0,1198.305,86278.0,,
343,rare_combination,combination,C3: ego_maneuver=ego_009 & environmental_conditions=environment_009 & triggering_conditions=trigger_064,670807.014,670807.307,48298105.0,48298126.1,21.1,0.293,0,1107.515,79741.1,,
344,rare_combination,combination,C3: ru_maneuver=ru_009 & environmental_conditions=environment_000 & triggering_conditions=trigger_066,671432.617,671432.714,48343148.4,48343155.4,7.0,0.098,0,625.603,45043.4,,
345,rare_combination,combination,C3: ru_maneuver=ru_010 & environmental_conditions=environment_012 & triggering_conditions=trigger_000,675822.672,675822.999,48659232.4,48659255.9,23.5,0.327,0,4390.055,316084.0,,
346,rare_combination,combination,C3: temporal_modifications=temporal_009 & ego_maneuver=ego_000 & triggering_conditions=trigger_028,680898.350,680898.384,49024681.2,49024683.6,2.5,0.034,0,5075.678,365448.8,,
347,rare_combination,combination,C3: ru_maneuver=ru_010 & environmental_conditions=environment_012 & triggering_conditions=trigger_000,683492.399,683492.718,49211452.7,49211475.7,23.0,0.319,0,2594.049,186771.5,,
348,rare_combination,combination,C3: ego_maneuver=ego_009 & environmental_conditions=environment_009 & triggering_conditions=trigger_064,684189.311,684189.555,49261630.4,49261648.0,17.5,0.244,0,696.912,50177.7,,
349,rare_combination,combination,C3: street=street_000 & temporal_modifications=temporal_038 & triggering_conditions=trigger_007,684833.370,684834.075,49308002.7,49308053.4,50.7,0.705,0,644.059,46372.2,,
350,rare_combination,combination,C3: temporal_modifications=temporal_005 & ru_maneuver=ru_009 & triggering_conditions=trigger_017,695457.478,695457.826,50072938.4,50072963.5,25.0,0.348,0,10624.108,764935.8,,
351,rare_combination,combination,C3: ego_maneuver=ego_009 & environmental_conditions=environment_009 & triggering_conditions=trigger_064,698915.598,698915.821,50321923.1,50321939.1,16.0,0.223,0,3458.120,248984.6,,
352,rare_combination,combination,C3: ru_maneuver=ru_009 & environmental_conditions=environment_000 & triggering_conditions=trigger_066,699091.655,699091.969,50334599.1,50334621.7,22.6,0.314,0,176.057,12676.1,,
353,rare_combination,combination,C3: street=street_004 & ego_maneuver=ego_009 & triggering_conditions=trigger_011,700006.949,700006.972,50400500.4,50400502.0,1.6,0.023,0,915.295,65901.2,,
354,rare_combination,combination,C3: temporal_modifications=temporal_023 & ego_maneuver=ego_013 & triggering_conditions=trigger_075,700452.451,700452.870,50432576.5,50432606.6,30.1,0.419,0,445.501,32076.1,,
355,rare_combination,combination,C3: ego_maneuver=ego_013 & environmental_conditions=environment_012 & triggering_conditions=trigger_017,704728.616,704728.699,50740460.3,50740466.3,6.0,0.083,0,4276.165,307883.9,,
356,rare_combination,combination,C3: temporal_modifications=temporal_028 & ego_maneuver=ego_013 & triggering_conditions=trigger_075,710393.455,710393.911,51148328.7,51148361.6,32.9,0.456,0,5664.839,407868.4,,
357,rare_combination,combination,C3: temporal_modifications=temporal_023 & ego_maneuver=ego_009 & triggering_conditions=trigger_000,713573.454,713573.786,51377288.7,51377312.6,23.9,0.332,0,3179.999,228960.0,,
358,rare_combination,combination,C3: street=street_004 & ego_maneuver=ego_009 & triggering_conditions=trigger_011,716457.465,716457.581,51584937.5,51584945.8,8.3,0.116,0,2884.011,207648.8,,
359,rare_combination,combination,C3: ru_maneuver=ru_018 & environmental_conditions=environment_009 & triggering_conditions=trigger_058,721459.462,721459.708,51945081.3,51945099.0,17.7,0.246,0,5001.997,360143.8,,
360,rare_combination,combination,C3: ego_maneuver=ego_013 & environmental_conditions=environment_012 & triggering_conditions=trigger_066,731685.824,731686.127,52681379.4,52681401.2,21.8,0.303,0,10226.362,736298.1,,
361,rare_combination,combination,C3: temporal_modifications=temporal_009 & ego_maneuver=ego_000 & triggering_conditions=trigger_028,733712.537,733712.819,52827302.7,52827323.0,20.3,0.282,0,2026.713,145923.3,,
362,rare_combination,combination,C3: ru_maneuver=ru_005 & environmental_conditions=environment_000 & triggering_conditions=trigger_004,734694.072,734694.323,52897973.2,52897991.3,18.1,0.251,0,981.535,70670.5,,
363,rare_combination,combination,C3: temporal_modifications=temporal_023 & ego_maneuver=ego_013 & triggering_conditions=trigger_075,743304.009,743304.380,53517888.7,53517915.4,26.7,0.371,0,8609.937,619915.5,,
364,rare_combination,combination,C3: ru_maneuver=ru_009 & environmental_conditions=environment_000 & triggering_conditions=trigger_066,745473.653,745474.108,53674103.0,53674135.8,32.8,0.455,0,2169.644,156214.4,,
365,rare_combination,combination,C3: ego_maneuver=ego_011 & ru_maneuver=ru_010 & triggering_conditions=trigger_014,746499.673,746499.945,53747976.4,53747996.0,19.6,0.272,0,1026.019,73873.4,,
366,rare_combination,combination,C3: ru_maneuver=ru_005 & environmental_conditions=environment_000 & triggering_conditions=trigger_004,748064.339,748064.823,53860632.4,53860667.3,34.9,0.484,0,1564.667,112656.0,,
367,rare_combination,combination,C3: ru_maneuver=ru_005 & environmental_conditions=environment_000 & triggering_conditions=trigger_004,748465.118,748465.696,53889488.5,53889530.1,41.5,0.577,0,400.779,28856.1,,
368,rare_combination,combination,C3: street=street_000 & ego_maneuver=ego_011 & triggering_conditions=trigger_018,749490.685,749490.723,53963329.3,53963332.0,2.8,0.038,0,1025.566,73840.8,,
369,rare_combination,combination,C3: street=street_000 & ego_maneuver=ego_011 & triggering_conditions=trigger_018,750934.235,750934.545,54067264.9,54067287.2,22.3,0.310,0,1443.550,103935.6,,
370,rare_combination,combination,C3: ego_maneuver=ego_013 & environmental_conditions=environment_012 & triggering_conditions=trigger_066,754279.016,754279.145,54308089.1,54308098.4,9.3,0.129,0,3344.781,240824.2,,
371,rare_combination,combination,C3: ego_maneuver=ego_013 & environmental_conditions=environment_012 & triggering_conditions=trigger_066,754279.185,754279.622,54308101.3,54308132.8,31.5,0.437,0,0.169,12.2,,
372,rare_combination,combination,C3: ru_maneuver=ru_009 & environmental_conditions=environment_013 & triggering_conditions=trigger_017,754742.979,754743.749,54341494.5,54341549.9,55.5,0.771,0,463.794,33393.2,,
373,rare_combination,combination,C3: temporal_modifications=temporal_023 & ego_maneuver=ego_009 & triggering_conditions=trigger_004,755465.703,755465.788,54393530.6,54393536.7,6.1,0.085,0,722.725,52036.2,,
374,rare_combination,combination,C3: ru_maneuver=ru_009 & environmental_conditions=environment_000 & triggering_conditions=trigger_066,756848.158,756848.275,54493067.4,54493075.8,8.4,0.117,0,1382.454,99536.7,,
375,rare_combination,combination,C3: street=street_004 & environmental_conditions=environment_012 & triggering_conditions=trigger_000,758077.280,758077.973,54581564.1,54581614.1,49.9,0.694,0,1229.122,88496.8,,
376,rare_combination,combination,C3: street=street_004 & ego_maneuver=ego_009 & triggering_conditions=trigger_011,762960.299,762960.619,54933141.5,54933164.5,23.0,0.320,0,4883.019,351577.4,,
377,rare_combination,combination,C3: street=street_000 & temporal_modifications=temporal_024 & triggering_conditions=trigger_017,767750.715,767751.176,55278051.5,55278084.7,33.2,0.461,0,4790.417,344910.0,,
378,rare_combination,combination,C3: street=street_000 & temporal_modifications=temporal_038 & triggering_conditions=trigger_007,768199.695,768199.915,55310378.1,55310393.9,15.8,0.219,0,448.980,32326.6,,
379,rare_combination,combination,C3: ego_maneuver=ego_013 & environmental_conditions=environment_012 & triggering_conditions=trigger_066,768692.221,768692.274,55345839.9,55345843.7,3.8,0.053,0,492.526,35461.9,,
380,rare_combination,combination,C3: temporal_modifications=temporal_023 & ego_maneuver=ego_009 & triggering_conditions=trigger_000,775839.035,775839.427,55860410.6,55860438.8,28.2,0.392,0,7146.814,514570.6,,
381,rare_combination,combination,C3: ru_maneuver=ru_018 & environmental_conditions=environment_009 & triggering_conditions=trigger_023,776322.539,776322.637,55895222.8,55895229.8,7.0,0.097,0,483.504,34812.3,,
382,rare_combination,combination,C3: ru_maneuver=ru_009 & environmental_conditions=environment_000 & triggering_conditions=trigger_066,779631.652,779631.938,56133478.9,56133499.5,20.6,0.286,0,3309.112,238256.1,,
383,rare_combination,combination,C3: temporal_modifications=temporal_009 & ego_maneuver=ego_000 & triggering_conditions=trigger_028,781233.667,781233.794,56248824.0,56248833.2,9.2,0.127,0,1602.015,115345.1,,
384,rare_combination,combination,C3: temporal_modifications=temporal_009 & ego_maneuver=ego_000 & triggering_conditions=trigger_028,781233.938,781233.982,56248843.5,56248846.7,3.1,0.044,0,0.271,19.5,,
385,rare_combination,combination,C3: street=street_000 & temporal_modifications=temporal_001 & triggering_conditions=trigger_032,782402.707,782403.509,56332994.9,56333052.7,57.8,0.803,0,1168.768,84151.3,,
386,rare_combination,combination,C3: street=street_000 & temporal_modifications=temporal_001 & triggering_conditions=trigger_032,782403.565,782403.880,56333056.7,56333079.4,22.7,0.315,0,0.858,61.8,,
387,rare_combination,combination,C3: ego_maneuver=ego_009 & environmental_conditions=environment_009 & triggering_conditions=trigger_064,782658.758,782659.064,56351430.5,56351452.6,22.1,0.306,0,255.193,18373.9,,
388,rare_combination,combination,C3: ru_maneuver=ru_018 & environmental_conditions=environment_009 & triggering_conditions=trigger_023,783490.597,783490.828,56411323.0,56411339.6,16.6,0.230,0,831.840,59892.5,,
389,rare_combination,combination,C3: ego_maneuver=ego_009 & environmental_conditions=environment_009 & triggering_conditions=trigger_064,784270.935,784270.966,56467507.3,56467509.5,2.2,0.031,0,780.338,56184.3,,
390,rare_combination,combination,C3: street=street_004 & ego_maneuver=ego_009 & triggering_conditions=trigger_011,785999.441,785999.728,56591959.7,56591980.4,20.7,0.288,0,1728.506,124452.4,,
391,rare_combination,combination,C3: street=street_004 & ego_maneuver=ego_009 & triggering_conditions=trigger_011,786221.353,786221.675,56607937.4,56607960.6,23.2,0.323,0,221.912,15977.7,,
392,rare_combination,combination,C3: street=street_000 & ego_maneuver=ego_011 & triggering_conditions=trigger_018,787891.591,787891.823,56728194.5,56728211.3,16.7,0.232,0,1670.238,120257.1,,
393,rare_combination,combination,C3: ru_maneuver=ru_005 & environmental_conditions=environment_009 & triggering_conditions=trigger_017,788600.658,788600.989,56779247.4,56779271.2,23.9,0.332,0,709.067,51052.8,,
394,rare_combination,combination,C3: street=street_000 & temporal_modifications=temporal_038 & triggering_conditions=trigger_007,789863.869,789864.235,56870198.6,56870224.9,26.4,0.366,0,1263.211,90951.2,,
395,rare_combination,combination,C3: temporal_modifications=temporal_017 & ego_maneuver=ego_000 & triggering_conditions=trigger_007,791007.035,791007.089,56952506.5,56952510.4,3.9,0.054,0,1143.166,82307.9,,
396,rare_combination,combination,C3: street=street_004 & ego_maneuver=ego_009 & triggering_conditions=trigger_011,791762.701,791763.443,57006914.4,57006967.9,53.5,0.742,0,755.666,54407.9,,
397,rare_combination,combination,C3: street=street_004 & ego_maneuver=ego_009 & triggering_conditions=trigger_011,793186.413,793186.581,57109421.8,57109433.9,12.1,0.168,0,1423.713,102507.3,,
398,rare_combination,combination,C3: street=street_004 & environmental_conditions=environment_012 & triggering_conditions=trigger_000,795068.491,795068.861,57244931.3,57244958.0,26.6,0.370,0,1882.077,135509.6,,
399,rare_combination,combination,C3: ru_maneuver=ru_005 & environmental_conditions=environment_009 & triggering_conditions=trigger_017,799040.619,799040.836,57530924.6,57530940.2,15.6,0.216,0,3972.129,285993.3,,
400,rare_combination,combination,C4: ego_maneuver=ego_011 & ru_maneuver=ru_010 & environmental_conditions=environment_013 & triggering_conditions=trigger_028,800151.638,800151.737,57610918.0,57610925.1,7.1,0.099,0,1111.019,79993.4,,
401,rare_combination,combination,C3: ru_maneuver=ru_018 & environmental_conditions=environment_009 & triggering_conditions=trigger_023,804638.397,804638.699,57933964.6,57933986.3,21.7,0.302,0,4486.759,323046.6,,
402,rare_combination,combination,C3: ru_maneuver=ru_010 & environmental_conditions=environment_012 & triggering_conditions=trigger_000,809727.164,809727.418,58300355.8,58300374.1,18.2,0.253,0,5088.767,366391.2,,
403,rare_combination,combination,C3: temporal_modifications=temporal_023 & ru_maneuver=ru_010 & triggering_conditions=trigger_064,811687.004,811687.319,58441464.3,58441486.9,22.6,0.314,0,1959.840,141108.5,,
404,rare_combination,combination,C3: ego_maneuver=ego_009 & environmental_conditions=environment_009 & triggering_conditions=trigger_064,811998.267,811998.437,58463875.2,58463887.5,12.2,0.170,0,311.263,22410.9,,
405,rare_combination,combination,C3: ego_maneuver=ego_013 & environmental_conditions=environment_012 & triggering_conditions=trigger_066,812527.767,812527.839,58501999.2,58502004.4,5.2,0.072,0,529.500,38124.0,,
406,rare_combination,combination,C3: street=street_000 & temporal_modifications=temporal_009 & triggering_conditions=trigger_066,812749.196,812749.756,58517942.1,58517982.5,40.4,0.561,0,221.429,15942.9,,
407,rare_combination,combination,C3: ru_maneuver=ru_010 & environmental_conditions=environment_012 & triggering_conditions=trigger_000,814717.440,814717.888,58659655.7,58659688.0,32.3,0.448,0,1968.245,141713.6,,
408,rare_combination,combination,C3: ego_maneuver=ego_013 & environmental_conditions=environment_000 & triggering_conditions=trigger_018,814865.860,814865.883,58670341.9,58670343.6,1.7,0.024,0,148.419,10686.2,,
409,rare_combination,combination,C3: ego_maneuver=ego_013 & environmental_conditions=environment_000 & triggering_conditions=trigger_018,814867.745,814867.876,58670477.7,58670487.1,9.4,0.131,0,1.886,135.8,,
410,rare_combination,combination,C3: ego_maneuver=ego_013 & environmental_conditions=environment_000 & triggering_conditions=trigger_018,814879.950,814880.022,58671356.4,58671361.6,5.2,0.072,0,12.205,878.8,,
411,rare_combination,combination,C3: ru_maneuver=ru_009 & environmental_conditions=environment_013 & triggering_conditions=trigger_017,815366.912,815367.314,58706417.6,58706446.6,29.0,0.402,0,486.961,35061.2,,
412,rare_combination,combination,C3: street=street_000 & ego_maneuver=ego_011 & triggering_conditions=trigger_018,816082.583,816082.676,58757946.0,58757952.6,6.7,0.092,0,715.672,51528.4,,
413,rare_combination,combination,C3: street=street_000 & ego_maneuver=ego_011 & triggering_conditions=trigger_018,816082.690,816082.858,58757953.6,58757965.8,12.1,0.168,0,0.106,7.7,,
414,rare_combination,combination,C3: temporal_modifications=temporal_023 & ru_maneuver=ru_010 & triggering_conditions=trigger_064,819860.088,819860.090,59029926.4,59029926.5,0.1,0.001,0,3777.399,271972.7,,
415,rare_combination,combination,C3: temporal_modifications=temporal_023 & ru_maneuver=ru_010 & triggering_conditions=trigger_064,819860.701,819861.026,59029970.5,59029993.9,23.4,0.325,0,0.613,44.1,,
416,rare_combination,combination,C4: street=street_000 & temporal_modifications=temporal_023 & ru_maneuver=ru_010 & triggering_conditions=trigger_018,826332.921,826333.121,59495970.3,59495984.7,14.4,0.200,0,6472.220,465999.8,,
417,rare_combination,combination,C3: ego_maneuver=ego_009 & environmental_conditions=environment_000 & triggering_conditions=trigger_064,831442.600,831442.846,59863867.2,59863884.9,17.8,0.247,0,5109.679,367896.9,,
418,rare_combination,combination,C3: street=street_000 & temporal_modifications=temporal_009 & triggering_conditions=trigger_066,831901.528,831901.751,59896910.0,59896926.0,16.0,0.223,0,458.928,33042.8,,
419,rare_combination,combination,C3: ru_maneuver=ru_009 & environmental_conditions=environment_000 & triggering_conditions=trigger_066,831993.925,831995.138,59903562.6,59903649.9,87.3,1.213,0,92.397,6652.6,,
420,rare_combination,combination,C3: ru_maneuver=ru_005 & environmental_conditions=environment_000 & triggering_conditions=trigger_004,832000.477,832000.870,59904034.3,59904062.7,28.3,0.393,0,6.552,471.7,,
421,rare_combination,combination,C3: ru_maneuver=ru_010 & environmental_conditions=environment_013 & triggering_conditions=trigger_007,833149.075,833149.557,59986733.4,59986768.1,34.7,0.482,0,1148.598,82699.1,,
422,rare_combination,combination,C3: temporal_modifications=temporal_023 & ego_maneuver=ego_009 & triggering_conditions=trigger_004,835667.140,835667.180,60168034.1,60168036.9,2.9,0.040,0,2518.065,181300.7,,
423,rare_combination,combination,C3: ego_maneuver=ego_011 & environmental_conditions=environment_009 & triggering_conditions=trigger_017,837519.841,837520.187,60301428.5,60301453.5,25.0,0.347,0,1852.701,133394.5,,
424,rare_combination,combination,C3: ru_maneuver=ru_005 & environmental_conditions=environment_009 & triggering_conditions=trigger_017,839560.442,839560.797,60448351.8,60448377.4,25.5,0.355,0,2040.602,146923.3,,
425,rare_combination,combination,C3: ru_maneuver=ru_009 & environmental_conditions=environment_000 & triggering_conditions=trigger_066,844636.668,844636.831,60813840.1,60813851.8,11.7,0.162,0,5076.226,365488.3,,
426,rare_combination,combination,C3: street=street_000 & ego_maneuver=ego_011 & triggering_conditions=trigger_018,846799.678,846799.818,60969576.8,60969586.9,10.1,0.140,0,2163.010,155736.7,,
427,rare_combination,combination,C3: street=street_000 & ego_maneuver=ego_011 & triggering_conditions=trigger_018,846800.595,846801.080,60969642.9,60969677.8,34.9,0.485,0,0.917,66.0,,
428,rare_combination,combination,C3: ru_maneuver=ru_009 & environmental_conditions=environment_000 & triggering_conditions=trigger_066,850634.648,850635.019,61245694.7,61245721.4,26.7,0.371,0,3834.053,276051.8,,
429,rare_combination,combination,C3: temporal_modifications=temporal_009 & ego_maneuver=ego_000 & triggering_conditions=trigger_028,855017.216,855017.620,61561239.6,61561268.6,29.1,0.404,0,4382.568,315544.9,,
430,rare_combination,combination,C3: street=street_000 & ego_maneuver=ego_011 & triggering_conditions=trigger_018,861029.157,861029.300,61994099.3,61994109.6,10.3,0.143,0,6011.941,432859.7,,
431,rare_combination,combination,C3: temporal_modifications=temporal_017 & ego_maneuver=ego_000 & triggering_conditions=trigger_007,868045.312,868045.538,62499262.5,62499278.7,16.2,0.225,0,7016.155,505163.2,,
432,rare_combination,combination,C3: ru_maneuver=ru_010 & environmental_conditions=environment_012 & triggering_conditions=trigger_000,873134.921,873135.028,62865714.3,62865722.0,7.7,0.107,0,5089.609,366451.8,,
433,rare_combination,combination,C3: ru_maneuver=ru_009 & environmental_conditions=environment_000 & triggering_conditions=trigger_066,874955.501,874955.789,62996796.1,62996816.8,20.7,0.288,0,1820.580,131081.8,,
434,rare_combination,combination,C4: ego_maneuver=ego_011 & ru_maneuver=ru_010 & environmental_conditions=environment_013 & triggering_conditions=trigger_028,877687.435,877687.720,63193495.3,63193515.9,20.6,0.285,0,2731.934,196699.2,,
435,rare_combination,combination,C3: ego_maneuver=ego_013 & environmental_conditions=environment_000 & triggering_conditions=trigger_018,879102.976,879103.088,63295414.3,63295422.3,8.0,0.112,0,1415.541,101919.0,,
436,rare_combination,combination,C3: temporal_modifications=temporal_023 & ru_maneuver=ru_010 & triggering_conditions=trigger_064,881709.613,881709.620,63483092.2,63483092.6,0.5,0.007,0,2606.637,187677.9,,
437,rare_combination,combination,C3: ego_maneuver=ego_013 & environmental_conditions=environment_012 & triggering_conditions=trigger_017,883553.909,883553.981,63615881.5,63615886.6,5.2,0.072,0,1844.296,132789.3,,
438,rare_combination,combination,C3: ru_maneuver=ru_009 & environmental_conditions=environment_000 & triggering_conditions=trigger_066,888066.718,888067.104,63940803.7,63940831.5,27.7,0.385,0,4512.809,324922.2,,
439,rare_combination,combination,C3: ru_maneuver=ru_005 & environmental_conditions=environment_009 & triggering_conditions=trigger_017,890302.583,890302.595,64101785.9,64101786.8,0.9,0.012,0,2235.864,160982.2,,
440,rare_combination,combination,C3: ru_maneuver=ru_010 & environmental_conditions=environment_012 & triggering_conditions=trigger_000,894891.860,894892.551,64432213.9,64432263.7,49.8,0.692,0,4589.277,330428.0,,
441,rare_combination,combination,C3: street=street_004 & environmental_conditions=environment_012 & triggering_conditions=trigger_000,894892.939,894893.003,64432291.6,64432296.2,4.6,0.065,0,1.079,77.7,,
442,rare_combination,combination,C3: street=street_000 & temporal_modifications=temporal_024 & triggering_conditions=trigger_017,897352.272,897352.813,64609363.6,64609402.6,39.0,0.541,0,2459.333,177072.0,,
443,rare_combination,combination,C3: street=street_000 & temporal_modifications=temporal_024 & triggering_conditions=trigger_017,897352.911,897353.100,64609409.6,64609423.2,13.7,0.190,0,0.639,46.0,,
444,rare_combination,combination,C3: ru_maneuver=ru_018 & environmental_conditions=environment_009 & triggering_conditions=trigger_023,897644.344,897644.735,64630392.8,64630420.9,28.1,0.391,0,291.433,20983.2,,
445,rare_combination,combination,C3: street=street_000 & temporal_modifications=temporal_024 & triggering_conditions=trigger_017,898360.607,898361.766,64681963.7,64682047.2,83.5,1.159,0,716.263,51571.0,,
446,rare_combination,combination,C3: street=street_000 & ego_maneuver=ego_011 & triggering_conditions=trigger_018,899695.702,899696.113,64778090.6,64778120.1,29.6,0.411,0,1335.095,96126.8,,
447,rare_combination,combination,C3: temporal_modifications=temporal_023 & ego_maneuver=ego_009 & triggering_conditions=trigger_004,902174.686,902174.895,64956577.4,64956592.4,15.0,0.208,0,2478.984,178486.9,,
448,rare_combination,combination,C3: ru_maneuver=ru_018 & environmental_conditions=environment_009 & triggering_conditions=trigger_058,905233.415,905233.832,65176805.9,65176835.9,30.0,0.417,0,3058.729,220228.5,,
449,rare_combination,combination,C3: street=street_000 & temporal_modifications=temporal_024 & triggering_conditions=trigger_017,905964.575,905965.350,65229449.4,65229505.2,55.8,0.775,0,731.160,52643.5,,
450,rare_combination,combination,C3: temporal_modifications=temporal_017 & environmental_conditions=environment_012 & triggering_conditions=trigger_014,908798.781,908800.189,65433512.2,65433613.6,101.3,1.408,0,2834.206,204062.9,,
451,rare_combination,combination,C3: temporal_modifications=temporal_023 & ego_maneuver=ego_013 & triggering_conditions=trigger_075,910848.585,910848.785,65581098.1,65581112.5,14.4,0.200,0,2049.804,147585.9,,
452,rare_combination,combination,C3: street=street_000 & ego_maneuver=ego_011 & triggering_conditions=trigger_018,911485.079,911485.339,65626925.7,65626944.4,18.7,0.260,0,636.494,45827.6,,
453,rare_combination,combination,C3: ru_maneuver=ru_009 & environmental_conditions=environment_013 & triggering_conditions=trigger_017,912008.636,912008.820,65664621.8,65664635.1,13.3,0.184,0,523.557,37696.1,,
454,rare_combination,combination,C3: temporal_modifications=temporal_023 & ego_maneuver=ego_009 & triggering_conditions=trigger_004,913058.672,913058.731,65740224.4,65740228.6,4.2,0.059,0,1050.037,75602.6,,
455,rare_combination,combination,C3: temporal_modifications=temporal_023 & ego_maneuver=ego_009 & triggering_conditions=trigger_004,913058.759,913059.093,65740230.7,65740254.7,24.1,0.334,0,0.087,6.3,,
456,rare_combination,combination,C3: temporal_modifications=temporal_023 & ego_maneuver=ego_009 & triggering_conditions=trigger_004,921647.232,921647.447,66358600.7,66358616.2,15.5,0.215,0,8588.473,618370.1,,
457,rare_combination,combination,C3: temporal_modifications=temporal_028 & ego_maneuver=ego_013 & triggering_conditions=trigger_075,930469.384,930469.569,66993795.6,66993809.0,13.4,0.185,0,8822.152,635194.9,,
458,rare_combination,combination,C3: street=street_004 & environmental_conditions=environment_012 & triggering_conditions=trigger_000,934148.670,934148.743,67258704.3,67258709.5,5.2,0.073,0,3679.286,264908.6,,
459,rare_combination,combination,C3: street=street_004 & environmental_conditions=environment_012 & triggering_conditions=trigger_000,934149.064,934150.144,67258732.6,67258810.4,77.8,1.080,0,0.394,28.4,,
460,rare_combination,combination,C3: temporal_modifications=temporal_008 & environmental_conditions=environment_009 & triggering_conditions=trigger_028,936767.902,936768.375,67447288.9,67447323.0,34.1,0.474,0,2618.838,188556.3,,
461,rare_combination,combination,C3: ru_maneuver=ru_010 & environmental_conditions=environment_012 & triggering_conditions=trigger_000,937764.941,937765.019,67519075.8,67519081.4,5.6,0.078,0,997.039,71786.8,,
462,rare_combination,combination,C3: ru_maneuver=ru_010 & environmental_conditions=environment_013 & triggering_conditions=trigger_007,940329.481,940329.644,67703722.6,67703734.4,11.7,0.163,0,2564.540,184646.9,,
463,rare_combination,combination,C3: ego_maneuver=ego_013 & environmental_conditions=environment_012 & triggering_conditions=trigger_017,941213.423,941213.662,67767366.4,67767383.7,17.3,0.240,0,883.942,63643.8,,
464,rare_combination,combination,C4: street=street_000 & ru_maneuver=ru_005 & environmental_conditions=environment_000 & triggering_conditions=trigger_028,941250.305,941250.395,67770021.9,67770028.4,6.5,0.090,0,36.882,2655.5,,
465,rare_combination,combination,C3: street=street_004 & ego_maneuver=ego_009 & triggering_conditions=trigger_011,943500.473,943500.664,67932034.1,67932047.8,13.7,0.191,0,2250.169,162012.1,,
466,rare_combination,combination,C3: ego_maneuver=ego_013 & environmental_conditions=environment_000 & triggering_conditions=trigger_018,943560.370,943560.417,67936346.6,67936350.0,3.4,0.047,0,59.897,4312.6,,
467,rare_combination,combination,C3: ru_maneuver=ru_009 & environmental_conditions=environment_013 & triggering_conditions=trigger_017,946426.260,946426.839,68142690.7,68142732.4,41.7,0.579,0,2865.890,206344.1,,
468,rare_combination,combination,C3: ego_maneuver=ego_011 & ru_maneuver=ru_010 & triggering_conditions=trigger_014,946445.930,946445.976,68144107.0,68144110.3,3.3,0.046,0,19.671,1416.3,,
469,rare_combination,combination,C3: street=street_000 & temporal_modifications=temporal_024 & triggering_conditions=trigger_017,957400.208,957400.505,68932815.0,68932836.3,21.4,0.297,0,10954.278,788708.0,,
470,rare_combination,combination,C3: street=street_000 & temporal_modifications=temporal_024 & triggering_conditions=trigger_017,957400.519,957401.134,68932837.4,68932881.6,44.2,0.614,0,0.312,22.4,,
471,rare_combination,combination,C3: street=street_004 & ego_maneuver=ego_009 & triggering_conditions=trigger_011,957612.973,957613.136,68948134.0,68948145.8,11.7,0.163,0,212.453,15296.6,,
472,rare_combination,combination,C3: ego_maneuver=ego_009 & environmental_conditions=environment_009 & triggering_conditions=trigger_064,963181.923,963182.074,69349098.4,69349109.3,10.9,0.151,0,5568.950,400964.4,,
473,rare_combination,combination,C3: ego_maneuver=ego_011 & environmental_conditions=environment_009 & triggering_conditions=trigger_017,963187.364,963187.807,69349490.2,69349522.1,31.8,0.442,0,5.441,391.8,,
474,rare_combination,combination,C3: temporal_modifications=temporal_017 & ego_maneuver=ego_011 & triggering_conditions=trigger_028,966661.860,966661.944,69599653.9,69599659.9,6.0,0.084,0,3474.496,250163.7,,
475,rare_combination,combination,C3: street=street_000 & ego_maneuver=ego_011 & triggering_conditions=trigger_018,968686.433,968686.675,69745423.2,69745440.6,17.5,0.243,0,2024.573,145769.2,,
476,rare_combination,combination,C3: ru_maneuver=ru_018 & environmental_conditions=environment_009 & triggering_conditions=trigger_023,969319.539,969319.752,69791006.8,69791022.2,15.4,0.213,0,633.106,45583.7,,
477,rare_combination,combination,C3: ru_maneuver=ru_010 & environmental_conditions=environment_012 & triggering_conditions=trigger_000,969934.451,969934.475,69835280.5,69835282.2,1.8,0.024,0,614.912,44273.7,,
478,rare_combination,combination,C3: ego_maneuver=ego_011 & ru_maneuver=ru_010 & triggering_conditions=trigger_014,970068.947,970069.040,69844964.2,69844970.9,6.7,0.093,0,134.496,9683.7,,
479,rare_combination,combination,C3: street=street_000 & ego_maneuver=ego_011 & triggering_conditions=trigger_018,970521.906,970522.284,69877577.3,69877604.4,27.2,0.378,0,452.960,32613.1,,
480,rare_combination,combination,C3: ego_maneuver=ego_011 & ru_maneuver=ru_010 & triggering_conditions=trigger_014,974769.176,974769.452,70183380.7,70183400.5,19.8,0.276,0,4247.270,305803.4,,
481,rare_combination,combination,C3: temporal_modifications=temporal_028 & ego_maneuver=ego_013 & triggering_conditions=trigger_075,976215.257,976215.717,70287498.5,70287531.6,33.1,0.460,0,1446.080,104117.8,,
482,rare_combination,combination,C3: ego_maneuver=ego_009 & environmental_conditions=environment_009 & triggering_conditions=trigger_064,982541.383,982541.888,70742979.6,70743015.9,36.3,0.504,0,6326.127,455481.1,,
483,rare_combination,combination,C3: temporal_modifications=temporal_017 & ego_maneuver=ego_011 & triggering_conditions=trigger_028,985043.218,985043.460,70923111.7,70923129.1,17.4,0.242,0,2501.835,180132.1,,
484,rare_combination,combination,C3: temporal_modifications=temporal_017 & ego_maneuver=ego_011 & triggering_conditions=trigger_028,985043.511,985043.645,70923132.8,70923142.4,9.6,0.134,0,0.293,21.1,,
485,rare_combination,combination,C3: ru_maneuver=ru_005 & environmental_conditions=environment_009 & triggering_conditions=trigger_017,986585.090,986585.164,71034126.5,71034131.8,5.3,0.074,0,1541.579,110993.7,,
486,rare_combination,combination,C3: temporal_modifications=temporal_023 & ego_maneuver=ego_009 & triggering_conditions=trigger_004,988247.919,988248.039,71153850.2,71153858.8,8.6,0.120,0,1662.829,119723.7,,
487,rare_combination,combination,C3: ru_maneuver=ru_018 & environmental_conditions=environment_009 & triggering_conditions=trigger_058,988417.082,988417.204,71166029.9,71166038.7,8.8,0.122,0,169.163,12179.7,,
488,rare_combination,combination,C3: ego_maneuver=ego_013 & environmental_conditions=environment_012 & triggering_conditions=trigger_017,992107.070,992107.242,71431709.0,71431721.4,12.4,0.172,0,3689.988,265679.1,,
489,rare_combination,combination,C3: ego_maneuver=ego_013 & environmental_conditions=environment_012 & triggering_conditions=trigger_017,992107.278,992107.677,71431724.0,71431752.7,28.8,0.399,0,0.208,15.0,,
490,rare_combination,combination,C3: temporal_modifications=temporal_009 & ego_maneuver=ego_000 & triggering_conditions=trigger_028,996536.553,996537.325,71750631.8,71750687.4,55.6,0.772,0,4429.276,318907.8,,
491,rare_combination,combination,C3: ego_maneuver=ego_009 & environmental_conditions=environment_009 & triggering_conditions=trigger_064,998445.865,998446.047,71888102.2,71888115.4,13.1,0.182,0,1909.311,137470.4,,
492,rare_combination,combination,C3: temporal_modifications=temporal_017 & ego_maneuver=ego_011 & triggering_conditions=trigger_028,998772.300,998772.777,71911605.6,71911640.0,34.3,0.477,0,326.436,23503.4,,
493,rare_combination,combination,C3: ru_maneuver=ru_010 & environmental_conditions=environment_012 & triggering_conditions=trigger_000,998898.397,998898.692,71920684.6,71920705.8,21.2,0.295,0,126.097,9079.0,,
494,rare_combination,combination,C3: ru_maneuver=ru_010 & environmental_conditions=environment_012 & triggering_conditions=trigger_000,998899.409,998899.437,71920757.4,71920759.5,2.0,0.028,0,1.012,72.8,,
